"features.properties.CNTR_X","features.properties.CNTR_Y","Lat","Long"
"390898.974","426666.039","53.7240157109712","-2.09293759230759"
"413134.018","429179.013","53.7237206137467","-1.77195472709961"
"415137.967","424980.019","53.7158008929948","-1.98760284284193"
"400784","425637.046","53.7632899454266","-2.02539678317494"
"404283.994","430073.975","53.7419567880651","-2.03650021058088"
"402298.003","420735.067","53.6582951936037","-1.94788660275876"
"399864.029","421427.017","53.7627135749582","-2.00304899950221"
"399797.997","421515.024","53.6952945122511","-1.83752463860279"
"404701.994","430262.957","53.7280116705833","-2.11145176506372"
"404571.005","429647.993","53.7282297119495","-2.11172079970894"
"413171.972","429068.976","53.7471488780025","-1.99442664078863"
"395336.04","432600.961","53.698602863767","-1.83850358673184"
"398066.991","426133.983","53.6814545284174","-1.88047543817817"
"401868.019","419261.932","53.6735300546799","-1.90461252144206"
"401897.003","419134.997","53.7455092605915","-2.08745525710721"
"401828.004","419002.017","53.7133335621555","-1.98521574353292"
"398822.99","420275.963","53.732368094314","-1.99470050639552"
"396355.998","424939.994","53.7132775862168","-1.9879390759289"
"417426.049","422109.034","53.7206860240306","-1.81791380872569"
"399211.012","420670.966","53.7166713701899","-1.8120153190181"
"415003.006","422684.978","53.7392166370859","-1.97463066583081"
"393558.254","427855.473","53.7423257072451","-2.02806508436858"
"395939.859","425998.888","53.7470771229127","-1.79452934823545"
"401697.987","419164.963","53.7337516533373","-2.03036880749848"
"391369.003","424454.018","53.741936934076","-1.97269729115256"
"402930.988","421799.024","53.7557979403516","-1.92845007377773"
"399477.998","432410.001","53.7484873211626","-1.93986591851121"
"397470.201","431558.432","53.7462611066474","-1.94490866694237"
"417032.02","422502.018","53.7345212419047","-2.06028337193529"
"399906.024","422461.044","53.7339847571822","-2.03670364262437"
"417553.997","422024.948","53.6780242907419","-2.08109335203881"
"401250.986","418426.967","53.7371228253699","-1.93685508259798"
"398308.988","426666.039","53.7878030003221","-1.990987944853"
"416864.012","422717.036","53.787919980409","-1.98862465836142"
"416898.012","422661.973","53.6829702335883","-2.09251846253201"
"403239.007","416463.021","53.7154394883391","-2.0510118582756"
"403015.996","417044.966","53.7398157197887","-1.97560275067357"
"402955.027","417416.967","53.7201829463935","-1.81776581927917"
"403268.017","416480.062","53.728405616473","-1.99572090629146"
"403676.029","416761.053","53.6786326265802","-1.96219398040454"
"403418.03","417033.999","53.7223410563031","-1.94277620212259"
"403295.022","416728.071","53.711628384046","-1.98784719266289"
"404915.983","417790.034","53.7521087478634","-1.93654032505888"
"394752.911","432027.593","53.6481241778616","-1.94240042803044"
"402918.43","428778.808","53.6564050060278","-1.94529535881157"
"398541.031","419988.988","53.6490502589204","-1.94096218122389"
"403126.992","429073.986","53.7274686266608","-1.93607751328862"
"396042.038","433507.977","53.7030333698181","-1.916526342514"
"404297.024","428836.018","53.6799019652048","-2.0982813817906"
"400726.996","432139.972","53.7144099379348","-2.07594922430633"
"400978.066","432298.781","53.7193429197947","-2.08511882649141"
"400641.994","425115.997","53.7639177238184","-1.93160615295432"
"401671.996","419248.954","53.7464930906298","-1.94205428756625"
"403860.016","420029","53.7106949509053","-2.10267188777867"
"400793.973","423961.035","53.6539200344353","-1.9081724883181"
"403766.185","422143.489","53.7383205816032","-1.97832116401042"
"400051.033","431245.054","53.6905292168843","-2.09071271023062"
"397459.6","431574.459","53.7181887042433","-2.08347271542157"
"398771.02","429656.958","53.7236631848205","-1.94005227220822"
"401093.016","432399.048","53.718860866585","-2.08641504592192"
"392941.306","425858.601","53.7266402848804","-1.98826810621188"
"401467.011","424694.044","53.7118215066767","-2.07405122327136"
"399154.981","420572.066","53.6769382366225","-1.89465524125143"
"397668.009","418794.09","53.7663814172353","-1.95424082578016"
"403454.029","421160.972","53.6973153481552","-2.09724700215123"
"404855.987","424274.015","53.7279286547406","-2.11152078930905"
"398575.933","430725.37","53.7398167175788","-1.97560275009569"
"400439.288","428470.119","53.7673446715527","-1.96124163031265"
"400617.981","428487.042","53.7677937450921","-1.96126359658299"
"403167.982","427780.077","53.7652783385861","-1.96132678144409"
"398279.977","429531.963","53.6983762434314","-1.92942641466639"
"397702.485","418763.143","53.7190309126394","-2.08724814484017"
"390813.967","425017.962","53.6558792231319","-1.90813033874747"
"403037.014","421083.038","53.6714847179963","-1.8983769119667"
"402583.027","421082.001","53.6581953884126","-1.90443268882183"
"399904.017","423335.942","53.6914676968624","-2.1024730432536"
"409241.028","421419.066","53.735406610742","-1.93621708180486"
"399484.027","431262.005","53.6967501468091","-1.93164082828214"
"399036.981","420437.019","53.7393532773773","-1.94957459068583"
"397657.839","418804.887","53.7094801736052","-1.99239392947433"
"412730.99","429713.94","53.7086080761373","-1.99384816041524"
"412868.982","429491.022","53.7061178771968","-1.99506043516961"
"406217.995","424301.848","53.7005724828453","-1.99763699908775"
"402410.982","420660.021","53.7534459216219","-2.01061718493288"
"402908.984","421485.044","53.7615646635477","-2.01676476150332"
"394394.03","431668.986","53.7573634103513","-2.02334467497454"
"413599.001","423415.032","53.7082758618374","-2.12296863912177"
"398131.91","417645.631","53.6885606982719","-2.12518300156417"
"403265.982","417953.967","53.691805135949","-2.12604090847434"
"403437.976","418002.037","53.7358509927407","-2.12649051068461"
"397797.681","418721.376","53.7375462803147","-2.12981592254014"
"403442.02","418359.941","53.7581235503968","-2.02899936559671"
"408586.003","425852.035","53.7592757106455","-2.03291783177378"
"402955.339","421490.968","53.750223843805","-2.0357715750552"
"390311.965","423784.967","53.7629981766331","-2.04005675766067"
"390323.006","423919.015","53.7642473211707","-2.04041376411294"
"390434.023","424267.037","53.7656995587596","-2.0419048861648"
"390438.01","423834.996","53.7670767764533","-2.04348502073565"
"390591.572","425628.577","53.7694041065922","-2.04407595551458"
"390629.007","425574.983","53.7242137417749","-2.09306459081055"
"390726.02","424010.986","53.7085344567689","-2.09489410389858"
"391077.992","423691.975","53.6977745947318","-2.10633611139927"
"391174.981","426147.027","53.6885654677578","-2.11062920081933"
"391175.969","426910.055","53.7314417822782","-2.15327940969864"
"391219.002","427377.047","53.7320175420281","-2.13051216339862"
"391236.978","427185.978","53.7355131489136","-2.13910326403797"
"391239.961","427089.064","53.7349740823685","-2.13946533279618"
"391253.977","423138.026","53.7362412541421","-2.13947028554134"
"391255.02","427204.969","53.7160519456511","-1.98942704294962"
"391266.956","427521.039","53.6746563551755","-1.91272048607446"
"391281.023","427001.979","53.7158159596325","-1.99277248726527"
"391302.953","427619.993","53.7532478830742","-1.79364096320772"
"391311.964","426899.004","53.6854576762898","-1.85776088157772"
"391312.013","427669.042","53.7069368077992","-1.7957029290007"
"391313.002","426889.99","53.7576343640271","-2.01835404393615"
"391319.967","423930.954","53.7263274900183","-1.93686769556932"
"391340.07212471","426749.41789022","53.7041858151285","-2.00413562097907"
"388787.038","425434.981","53.6900272556571","-2.09401914042388"
"389043.754","425729.328","53.7356749045392","-2.12273001063945"
"389220.783","423721.504","53.7584773752668","-2.07067447072756"
"389200.995","423727.669","53.7853565104574","-2.06745563448042"
"389371.999","423861.012","53.7498046559578","-1.94966308396604"
"389424.042","426095.06","53.7277624882999","-1.78622122162402"
"389642.967","423954.973","53.6605136100096","-1.90409446128952"
"389991.988","426019.032","53.7547049225318","-2.06476689013038"
"389998.002","423677.93","53.7862478048179","-2.0803293337065"
"390174.964","423705.924","53.7528966677998","-2.06186066841714"
"392892.956","427376.042","53.7501611900918","-2.05704030316868"
"393864.984","425316.98","53.7405981692661","-2.06956813969486"
"396687.983","426456.989","53.7152441513133","-2.14518915267024"
"396737.002","426371.95","53.6541530619036","-1.90851251173827"
"396942.716","426301.379","53.7035097953921","-2.01957352990158"
"397565.011","428178.967","53.7048849151586","-2.02270985643064"
"398237.984","427730.047","53.696236009567","-2.09075125928184"
"391407.007","426252.066","53.693407818019","-2.00293802783452"
"391524.007","427246.078","53.7162697534843","-2.10104822773883"
"391560.86109824","426501.06506726","53.7625489085141","-2.08441132784005"
"391706.991","426922.976","53.751948734827","-1.93696938527285"
"391720.965","427549.015","53.748989340372","-1.93681849965643"
"391742.84","426717.747","53.6586413630864","-1.96328659641769"
"391816.961","426816.971","53.7019473196564","-1.91842166016195"
"391858.013","426679.046","53.7118697475569","-2.08602070472712"
"391893.959","426789.019","53.669658463408","-1.89589881300531"
"391900.899","426645.704","53.7694937461192","-1.87061607789836"
"391904.986","426985.041","53.7176926835925","-2.08621513943707"
"391989.971","427154.009","53.7607635964545","-1.86876225522969"
"392053.011","426951.071","53.761897716629","-1.86998740776167"
"392077.964","426885.051","53.7173591034973","-1.98886187147208"
"392092.009","426842.97","53.7143607328805","-1.98916514374775"
"392411.98","427116.02","53.709875217599","-1.99181782659761"
"398473.886","427543.152","53.707763027254","-1.99633351816604"
"399139.69","428176.154","53.7782650161234","-2.01159497632161"
"400525.027","423709","53.758397397373","-2.01665881604758"
"408362.978","426953","53.7667843352522","-2.01738953251332"
"408364.979","428184.99","53.7576923602347","-2.01776596112665"
"408362.108","429809.686","53.7577204352819","-2.02284759741899"
"408375.736","429782.34","53.7436368164119","-2.02367044890003"
"408419.036","428344.968","53.7265804427352","-2.11078977605482"
"408427.033","426801.021","53.7406663130692","-2.11113041390361"
"408465.02","426509.031","53.689514671257","-2.1146446265096"
"408480.987","428770.976","53.7038123616776","-2.1159979686487"
"408521.022","430009.018","53.6964876496471","-2.11743553122648"
"408594.002","422506.059","53.7358088667654","-2.11953958743404"
"414619.027","425687.019","53.7077988204477","-2.12320969792383"
"414647.995","425793.03","53.7077698363248","-2.1245688730932"
"415826.994","421906.068","53.706861787439","-2.12836739463359"
"391302.953","427619.993","53.7350389263707","-2.12927791037694"
"404481.001","429809.012","53.7578364608762","-2.0243807968649"
"393527.489","420774.811","53.7467642791231","-2.02748271022686"
"406883.992","419349.027","53.7502858377819","-2.03499244948557"
"408408.972","430600.959","53.7646603925999","-2.04097881983056"
"404235.005","426848.977","53.7712503491114","-2.04263860119153"
"406840.001","418922.961","53.7716954144502","-2.04356571042217"
"415037.024","425307.03","53.7349550740443","-2.0515146307627"
"404263.989","426668.986","53.7352951307507","-2.05168462334139"
"408552.975","430462.028","53.7496230320196","-2.05330894998912"
"404911.995","422539.022","53.7321257570334","-2.0913389425907"
"405194.981","422778.959","53.7222094664205","-2.09305972617333"
"408028.005","427905.03","53.7219934369612","-2.09307473899981"
"408076.955","429948.939","53.7248518375994","-2.09333858929557"
"408178.968","429891.034","53.7432765580913","-2.10719388008049"
"408239.008","427272.99","53.6955973663927","-2.10884554315765"
"408293.011","427169.055","53.7315134783018","-2.13078321978604"
"402888.177","430108.43","53.7059927265","-2.13075975099274"
"406801.009","420054.945","53.7344248846413","-2.13171726176844"
"401701.023","426336.979","53.7031234942027","-2.1332401826908"
"406801.009","420054.945","53.7473446911966","-2.13747477974451"
"394706.995","429607.952","53.7464265831763","-2.13882196274717"
"394864.003","427225.951","53.7101462983809","-2.13880859950506"
"396273.03","423884.98","53.7099642909218","-2.14020180203589"
"398540.025","423174.968","53.7404198425715","-2.14036326776716"
"398610.001","423175.948","53.7100173154631","-2.14165599581205"
"407933.955","430039.042","53.7387356551869","-2.14348076477438"
"406756.024","418828.052","53.7128537750787","-2.14439319158483"
"399689","423160.951","53.66818332222","-1.97366877537127"
"405072.016","417037.997","53.6666272957714","-1.95996462469704"
"390858.982","424325.039","53.6640809884922","-1.96178711726791"
"391561.003","424211.002","53.6640407896911","-1.95854365858495"
"396032.963","426703.968","53.6639422699712","-1.95649443867288"
"396027.99","426750.033","53.6879413527224","-1.93927037071847"
"396020.013","426831.038","53.6897911468339","-1.93896185626545"
"404502.984","429775.987","53.6867723581162","-1.94601729448629"
"390830.986","424584.003","53.6898188169726","-1.95476334718892"
"390847.98","424500.967","53.7292938860534","-1.83341019344036"
"406339.001","418334.949","53.7452109635643","-1.81315994210653"
"406545.041","419713.031","53.7384260611729","-1.79670003603489"
"407876.953","430067.986","53.6971884336645","-1.80368246755668"
"401375.98","426876.042","53.6991665291283","-1.80439332064263"
"395373.011","429058.963","53.7005278949465","-1.79885706414416"
"390926.01","423843.03","53.7015746077898","-1.7973398563584"
"405831.009","417519.027","53.7015751758456","-1.79733828730854"
"405167.014","417154.026","53.7017172220405","-1.7412940627339"
"405367.038","417028.964","53.6932945636988","-1.75125453368363"
"414486.995","424519.03","53.6858698167629","-1.8790024961617"
"397133.643","426821.623","53.6877654408965","-1.89738085591028"
"397256.018","426091.008","53.6830929450049","-1.88237423451121"
"403176.749","427887.56","53.6813394224046","-1.88653487837572"
"400435.787","426369.431","53.681203493124","-1.88692689723097"
"399231.026","423332.004","53.6814682898896","-1.87991324788923"
"399032.99","423612.961","53.6813603332286","-1.88090221489823"
"415150.98","422926.985","53.6896512305917","-1.85435553252767"
"395954.732","425958.487","53.7427613259641","-1.84763132316739"
"398011.028","426093.064","53.7381636929808","-1.84282096466897"
"397229.971","426007.022","53.7380216743511","-1.84251993579022"
"400044.017","425023.956","53.7449249223974","-1.81393507466755"
"397593.006","426436.059","53.7552538610032","-1.81330186684262"
"406264.997","429943.986","53.7500038028669","-1.82237224712587"
"403190.875","427868.099","53.7493726712724","-1.82166077559825"
"396995.003","425580.041","53.7805263686022","-2.08961979560702"
"400880.718","426570.528","53.7006403753018","-1.86477284126632"
"394878.234","420186.747","53.7037700023339","-1.88402738734728"
"397067.865","427005.135","53.7073484078866","-1.88822866085731"
"400057.018","425063.008","53.7118551871466","-1.88665039031029"
"398165.555","427386.727","53.7811883057461","-2.08477110284418"
"399015.0305","428334.95","53.7501567621762","-2.08430968200622"
"400815.999","424630.038","53.705884937226","-2.00129820217682"
"399133.572","428866.511","53.7048379261058","-2.02981674636163"
"410376.017","420368.01","53.7009784874796","-2.03599912848809"
"410348.025","420361.051","53.7003665317352","-2.03406149234771"
"404683.968","429679.03","53.699948486523","-2.03272234066715"
"400603.029","426954","53.7025121156177","-2.02838949818114"
"399027.112","423600.835","53.6862330567704","-2.08434400880339"
"401678.944","429470.899","53.6862451635486","-2.08376872731652"
"400040.52","425044.205","53.6859075734873","-2.08267762777027"
"397720.143","430409.182","53.6882716838802","-2.10999822612596"
"396758.396","426945.711","53.7094602635982","-2.07246929254348"
"403940.727","422437.787","53.7130505963976","-1.91958077108909"
"397225.939","429281.505","53.7118920121041","-1.90366323484176"
"406673.106","430654.843","53.7151914756709","-1.90368598890876"
"399685.912","424576.925","53.7151968256393","-1.90368276026587"
"404730.165","427142.156","53.7151968256393","-1.90368276026587"
"404571.813","426986.91","53.7007511199864","-1.93638474222449"
"400790.444","424752.42","53.6649051664717","-2.03336774798612"
"406586.999","430630.803","53.7065783899701","-2.06573903083574"
"409066.994","420062.703","53.7061915680343","-2.06486958728092"
"400891.022","424711.047","53.7104391938847","-2.10482595722729"
"397678.997","429775.002","53.7096852105714","-2.10805093963004"
"398310.976","429218.989","53.7325131234447","-1.99433562532874"
"398563.936","429184.52","53.7355346875128","-1.9405896292399"
"393082.965","423600.988","53.7336061288928","-1.98638740414739"
"396774.851","430392.286","53.7584089504105","-2.07205297721281"
"413221.379","423712.468","53.7446234235752","-2.08440217641527"
"414238.547","422205.3885","53.735967404688","-2.09163159942187"
"413834.916","421743.641","53.7354672258306","-2.0934151991717"
"397642.355","430871.966","53.7334431108094","-2.06030942140272"
"404318.068","427274.395","53.738721560675","-2.04910116426442"
"404345.909","427340.063","53.7539207162104","-1.99578042567583"
"395475.341","425923.568","53.7151332285645","-1.85153690751218"
"395203.056","429517.736","53.7019000045013","-1.88171992997464"
"404164.869","428478.881","53.6663009074279","-1.89400904870809"
"394691","427572.282","53.7332767971523","-1.98416171129544"
"405857.583","424458.491","53.7083698324846","-1.97250166220339"
"406352.657","429456.899","53.7084101376834","-1.97288455492861"
"395956.581","423182.983","53.7681067398206","-1.88605335431405"
"396110.047","423093.73","53.7684047746115","-1.88587631262879"
"402716.774","428943.015","53.7689235994801","-1.87423358251416"
"402942.735","429257.775","53.6838713451323","-1.73209525579344"
"400849.66","426493.643","53.6998001895009","-1.73864483875608"
"401082.812","427038.967","53.7186313321671","-1.79202841071792"
"404120.895","428004.983","53.7545671838582","-1.82875987846511"
"404468.976","428701.777","53.7548281678307","-1.8288967257514"
"404698.902","429642.886","53.7583622476964","-2.07217056561787"
"404840.887","429266.869","53.781193214166","-2.08798183059089"
"404125.007","428286.922","53.7811108781491","-2.08827546586479"
"404360.84","428627.026","53.7788492466534","-2.08872536006001"
"394970.72","420314.368","53.7783902710145","-2.11846220737111"
"394899.046","420190.84","53.7919603900996","-2.10436771643183"
"399967.35","422209.382","53.794636799542","-2.06002022014164"
"398354.609","429543.616","53.7995372962099","-2.04998628672902"
"398672.839","430195.054","53.8063518652884","-2.04962263576224"
"395370.395","423510.98","53.7065783899701","-2.06573903083574"
"394727.951","427529.737","53.6997776763285","-2.09987220270768"
"399388.121","428715.937","53.7462108392101","-1.81273544008433"
"398558.303","429094.405","53.74379645126","-1.84694217347833"
"395348.568","429593.464","53.7039201874341","-1.82680565320036"
"406452.862","428824.982","53.703828274048","-1.82715547574536"
"400501.989","424814.247","53.659356915134","-1.92500895077539"
"413326.53","423500.036","53.642391827225","-1.96064404662455"
"413447.339","423473.342","53.6430072086523","-2.01726888764461"
"412207.095","424723.007","53.6645956471831","-1.96855032854824"
"403837.284","428473.047","53.6655160281504","-1.98938008358335"
"394592.619","422632.452","53.6655168106043","-1.98937227714675"
"397822.299","430261.596","53.7143294032361","-1.94849973592905"
"402514.952","429074.856","53.713052006175","-1.91958217772683"
"395393.469","423482.697","53.7204896255083","-1.87018460935189"
"395735.034","423309.576","53.7200925652675","-1.86974457583528"
"397596.838","427297.991","53.7196535032286","-1.86989663849379"
"397325.143","429472.694","53.7314851647715","-1.8759837769823"
"403104.709","427614.813","53.727464289681","-1.88927396950317"
"406568.918","430647.022","53.7398205392047","-1.91175261638573"
"397971.022","426036.895","53.7492068058698","-1.90183886483215"
"394734.149","427006.586","53.7604391036409","-1.90346552176863"
"395515.313","427001.069","53.7648375888614","-1.9057456066434"
"395640.984","426950.212","53.7647246125233","-1.90551228555123"
"400367.116","426286.427","53.7641917540804","-1.90523616749848"
"400348.382","426244.037","53.7740549319902","-1.9045398749582"
"414858.218","423781.069","53.7617332399354","-1.93494609097967"
"415142.681","424038.316","53.7815702936899","-1.94161235203862"
"399191.617","422999.471","53.7813991370498","-1.94240949094382"
"401015.619","423919.239","53.7819623216582","-1.95362439767041"
"404232.97","428645.492","53.7025113704301","-2.02839031802958"
"410729.753","422126.906","53.6766664439175","-2.03694433174835"
"401015.388","424112.607","53.6762361802299","-2.03745733079471"
"396626.725","422996.525","53.6767561246002","-2.03789924423641"
"401222.813","426888.909","53.6750480031778","-2.04515634956689"
"409342.845","419763.508","53.677470696498","-2.05662018061034"
"397478.209","430926.126","53.684380307727","-2.06220012167182"
"401857.146","427132.983","53.712265185647","-2.16073780831417"
"398568.358","423409.93","53.7524997178305","-2.08626441165908"
"399194.703","428251.244","53.752739037527","-2.08670621647988"
"400227.757","428398.908","53.7556779504518","-1.92862702562062"
"400264.291","424556.556","53.7481928142262","-1.93850209259841"
"403666.98","428623.001","53.7597494264333","-1.92914137849354"
"403805.01","428763.178","53.7128983893507","-1.94225291544366"
"395126.39","419925.128","53.7675838671527","-2.0012037494084"
"403015.125","428079.16","53.6936270165122","-2.09400790399527"
"398339.718","429743.326","53.7392004006623","-1.94313008811528"
"398321.76","429670.46","53.7054194071078","-2.09223194265618"
"398441.53","429993.632","53.7191374668375","-1.81689333309682"
"394391.622","427231.297","53.7085466573294","-2.09892439423714"
"397038.103","427084.929","53.6977882116259","-2.0778830163535"
"403872.396","422181.288","53.7063755699052","-1.75121615836834"
"403848.502","422171.034","53.7074474703875","-1.74787933439472"
"399982.579","424972.554","53.7462682134084","-1.95546446492309"
"394426.237","427603.753","53.7453017117485","-1.95397078329707"
"400823.527","424590.654","53.7562998107749","-1.90886297066603"
"404637.895","428852.242","53.7650477631745","-1.93041840503004"
"395076.235","419971.466","53.7673646676277","-1.96505187931542"
"403047.038","428086.857","53.7729228616853","-1.96705935518975"
"407014.603","430406.325","53.7703622527408","-1.96732692958923"
"404064.748","429370.4","53.7662009175062","-1.96413639587022"
"403130.44","429555.833","53.7056117512421","-2.06486710866653"
"394832.724","420189.246","53.7052836686125","-2.06330531160941"
"399589.276","422780.804","53.7643397467043","-1.93408602401446"
"398342.472","429525.709","53.7025791217453","-2.13626811399342"
"398315.289","430459.43","53.6881076742437","-2.12825543443825"
"400867.678","424589.993","53.7576464498091","-2.07098792935418"
"401891.026","427193.187","53.7393305449197","-2.04430796674388"
"398564.067","429180.96","53.6808253383215","-2.11249530707944"
"395380.675","429464.262","53.7498949639699","-2.04766726171229"
"406474.74","428736.896","53.7498329416987","-2.0469091634721"
"406439.905","428849.886","53.7475693010144","-1.94101413576035"
"401129.215","427199.301","53.6850231897568","-2.08262520440726"
"400901.891","426588.444","53.7187574254535","-2.07011018642502"
"402126.729","428967.311","53.7059093280301","-2.10127302503864"
"406523.581","419705.214","53.7203655851639","-2.06798183005886"
"407471.058","420496.858","53.7282377137338","-2.11175779264508"
"396534.854","427026.542","53.7215927469175","-2.06777272922547"
"396540.476","426961.45","53.721161478224","-2.05967010396364"
"408282.895","420622.805","53.6865154308762","-2.08426329755078"
"400815.947","424521.561","53.7186232424543","-2.11008118593036"
"408174.23","420628.626","53.7206296551265","-2.06915093611519"
"407193.665","420307.405","53.7184593592445","-2.06942312210027"
"395669.461","422806.185","53.7259889823081","-2.05490941891636"
"413210.655","428817.313","53.7264094999784","-2.07128678373719"
"396869.063","429954.854","53.7275257065204","-2.07379599055235"
"400183.781","422818.498","53.6957091090365","-2.09639101615166"
"394881.443","420161.932","53.6844022289664","-2.08637966277362"
"394874.733","420187.084","53.7283336289657","-2.10636310398151"
"397568.913","426531.422","53.7268775778771","-2.0719098291488"
"403923.041","428755.929","53.7240399649622","-2.06338718442621"
"404698.758","428846.96","53.7191064173634","-2.06821394845474"
"403908.486","427999.021","53.7203325781205","-2.0679958261735"
"403899.587","427912.676","53.7186634075992","-2.07003417874367"
"404463.704","428698.434","53.6784506630657","-2.09482005490438"
"403634.17","427792.308","53.6785516500937","-2.09340986392313"
"399123.645","429010.811","53.7183731458808","-2.06140093562958"
"395815.385","423186.893","53.6796949444932","-2.09867444789023"
"395226.503","429432.044","53.6884318126089","-2.08730648454594"
"404025.534","428245.115","53.6909012816855","-2.09105271571611"
"397404.705","429566.881","53.7106949509053","-2.10267188777867"
"397704.924","429932.537","53.7048623927465","-2.11144435583347"
"404580.951","429725.993","53.6954496257875","-2.12557960928106"
"400228.715","425737.69","53.7213191049678","-2.08188628431201"
"396964.476","425803.472","53.6896852446705","-2.09498727613795"
"396926.717","425964.936","53.711113093628","-2.10791550017818"
"397321.991","431006.323","53.711113093628","-2.10791550017818"
"394748.063","422485.741","53.7195729425666","-2.08444570745509"
"398366.142","429351.585","53.7115781518457","-2.10720938357615"
"401703.931","429468.015","53.7239558792371","-2.10052163718643"
"395898.593","426697.858","53.6985815069651","-2.09849209379213"
"396065.108","426498.442","53.7118215066767","-2.07405122327136"
"396054.296","426582.453","53.7164497806177","-2.10082219307785"
"400817.283","424396.728","53.7165828257959","-2.10289844723062"
"403453.225","428416.016","53.6973153481552","-2.09724700215123"
"399846.079","427248.594","53.7279286547406","-2.11152078930905"
"399793.61","422833.525","53.7279286547406","-2.11152078930905"
"399862.533","422822.174","53.7121097907935","-2.0863247192663"
"400212.641","422196.362","53.7190309126394","-2.08724814484017"
"400964.263","423948.046","53.6833214356933","-2.09736801742212"
"402776.088","427938.385","53.727558351713","-2.09823509432748"
"397216.747","425961.858","53.6794031748684","-2.11363325823375"
"400861.456","424718.497","53.6873292152735","-2.10584071220234"
"412233.759","424644.859","53.7341395162581","-2.1122806619244"
"411340.602","425638.206","53.6993808739301","-2.11263579216562"
"398311.274","429133.322","53.696410573536","-2.11366407717224"
"401700.558","429498.387","53.6999069414076","-2.11383991724382"
"397452.05","427392.643","53.6908148660381","-2.11561765790158"
"397450.125","429444.473","53.6899447688444","-2.11643280568937"
"404093.021","422312.084","53.6900157840151","-2.11690286986487"
"406632.665","430636.763","53.7062316092344","-2.11708398459883"
"400279.716","425786.312","53.687891516989","-2.11805514339655"
"400328.957","424936.955","53.6870304049314","-2.11839424164585"
"399140.96","428882.308","53.7056375702271","-2.11844619294804"
"400821.827","426451.694","53.7055465719096","-2.11912728133485"
"400640.192","425336.737","53.6938743975004","-2.12424453847116"
"400260.605","427913.258","53.7091820079303","-2.12441075433083"
"406363.091","423928.765","53.6955776685906","-2.12799089531929"
"398510.909","422971.492","53.691461120846","-2.12783015189863"
"402803.785","428286.648","53.7252405061572","-2.12955136773421"
"395214.683","427018.624","53.7254307802156","-2.08776178845604"
"395763.459","426866.541","53.7250328024874","-2.09095926264571"
"395849.588","426777.231","53.7256239620297","-2.09384062179475"
"395922.563","426653.332","53.7258129887467","-2.09391661887417"
"395881.873","426736.48","53.7273762471597","-2.09529969990332"
"394572.018","427062.296","53.7097376949562","-2.09715427861044"
"393725.11","426831.091","53.6996866696912","-2.1002922615831"
"394610.595","427054.906","53.6994377621319","-2.1062340084646"
"400819.976","424495.416","53.6869961952793","-2.10723290447022"
"399319.149","423314.745","53.6867161693394","-2.10783798411784"
"399328.95","423503.32","53.6887204554579","-2.10905500244905"
"403132.561","428305.317","53.725943326585","-2.10939363533988"
"403511.424","428453.33","53.7035602231144","-2.10939616200011"
"403511.424","428453.33","53.6956863969481","-2.1097696556106"
"396044.867","427273.051","53.6990147896578","-2.11002448658613"
"398484.762","422960.598","53.7222893630122","-2.15470109814553"
"399436.597","422946.255","53.7307933903244","-2.13147833619242"
"398948.881","423025.443","53.732123583955","-2.13239141721779"
"401227.1","426318.93","53.7263327233734","-2.13334383034205"
"401274.565","426733.493","53.7257756348735","-2.13349387196074"
"404202.636","428952.42","53.7311275274554","-2.13816426283521"
"404130.951","429278.559","53.7336618854123","-2.13855223786632"
"395530.264","429531.647","53.7277410873557","-2.1442923063686"
"400482.815","422343.787","53.7290953374738","-2.14684360353798"
"399632.53","425693.76","53.7849289287069","-2.013429841843"
"397500.089","430924.668","53.7807122775841","-2.00603815285503"
"395282.728","429548.805","53.7640787884783","-2.00944576325893"
"395277.647","429544.138","53.785169968539","-2.01414290976543"
"394213.38","427791.72","53.7829527033367","-2.01635831196663"
"406460.407","428999.11","53.7828576402871","-2.01276387315993"
"408586.003","425852.035","53.7566651459509","-2.00749873363836"
"394895.489","420200.412","53.7613724081701","-1.99846847938056"
"403660.121","428537.33","53.7714241233247","-2.02064156097497"
"398446.837","430081.862","53.7692807450081","-2.0184424553103"
"397093.272","426921.45","53.7788561945692","-2.01941191187356"
"398508.929","430434.103","53.7833157830975","-2.01929665632666"
"406108.369","419706.672","53.7768847900636","-2.00773257357213"
"405922.819","419741.82","53.7807222312335","-2.00236870030737"
"407652.499","428314.624","53.7809812922087","-2.00413990477683"
"407694.865","428294.888","53.7606963445459","-1.99813246807742"
"395113.928","426043.326","53.7640856789182","-2.00136074322082"
"395669.473","422954.718","53.767818531724","-2.01951671660109"
"399925.583","427732.575","53.7911415476599","-2.00297220934672"
"400426.892","428470.007","53.7907294947442","-2.00280921143435"
"395125.769","427018.83","53.7922666551072","-2.00179399743046"
"398686.285","423296.749","53.7923156909224","-2.00308515268011"
"400238.871","426203.979","53.7685320865644","-1.97757351799275"
"399880.832","426026.301","53.7793590924068","-2.00571318671414"
"404043.528","428019.27","53.7769686997768","-1.99960356982289"
"404802.666","429379.867","53.7840048189095","-2.01452002596584"
"404020.497","428037.943","53.7830587153914","-2.01658833481787"
"404476.416","428712.686","53.7703439534471","-2.02095368547753"
"400546.849","428299.008","53.7625046661564","-2.01075197238178"
"395130.989","429323.002","53.782591648212","-2.01636932746689"
"399959.91","422786.571","53.7594743932455","-2.00893883251891"
"400964.263","423948.046","53.7783150856325","-2.0162375391806"
"395589.639","429506.112","53.7838177115778","-2.00802322771633"
"400286.79","422204.707","53.763887754115","-2.00919874538449"
"410252.186","420327.91","53.7781949183719","-2.00452509964326"
"404263.214","427399.625","53.785108945717","-2.01316279374431"
"399553.605","425597.304","53.7696018014675","-2.01824441563389"
"404220.227","421503.466","53.7700018633916","-2.01809936265191"
"400363.153","427902.802","53.7694698153298","-2.02109276960041"
"396627.359","424364.675","53.7688676798694","-2.01844250187504"
"404471.609","428706.118","53.7666557962093","-1.9789388338784"
"398314.78","429164.472","53.7805512571389","-2.00638119960248"
"399731.036","429344.045","53.7630965854026","-2.00133877383097"
"398607.002","430421.052","53.7633676023313","-2.00067068836325"
"398714.027","430575.009","53.7612825904405","-2.01288027122004"
"401092.015","432462.021","53.7825834308079","-1.9982310952622"
"398635.985","430562.015","53.777317851118","-2.00793357127762"
"398673.022","430546.983","53.7913024653399","-1.99724450718479"
"400922.266","432270.288","53.762700583146","-2.00315002197395"
"398696.03","430563.999","53.7645479536973","-2.01638160706081"
"398637.011","430282.964","53.7725102872596","-2.01985036452193"
"400321.009","431755.971","53.7720892279903","-2.02013843288367"
"399556.021","432024.026","53.7820854746193","-2.00710221802225"
"399638.646","429070.365","53.763376623882","-2.00236490217085"
"400418.878","430086.696","53.7829394426216","-1.99527972875134"
"398980.183","429608.84","53.7682465530616","-2.01647331075703"
"398914.298","430235.597","53.7626127289214","-2.01547156917351"
"400310.989","431870.014","53.7669090364697","-1.99364458375459"
"399844.119","429693.712","53.7577732125118","-2.0054814448713"
"399532.07","431775.026","53.7843237653675","-2.00673904958153"
"398672.863","430663.143","53.7819142998588","-1.99512776136249"
"398691.86","430709.979","53.7686716858324","-2.02068078371909"
"398920.247","429824.14","53.7711980759368","-2.01978646978888"
"399792.365","429618.507","53.7865367945442","-1.98600041131956"
"400181.506","432800.366","53.7710450600903","-2.0201355204727"
"399477.237","431244.65","53.7711800878355","-2.02069758511799"
"400116.543","431830.4","53.7882599594728","-1.98342301753195"
"399150.963","429460.833","53.7712970901627","-2.01951342882583"
"399955.792","429692.706","53.769912887135","-2.02113673706791"
"399911.755","429662.557","53.7602333975263","-2.00408020252498"
"399579.559","431604.345","53.7586165468673","-2.02556392255381"
"401388.125","430058.711","53.754479906393","-1.93217464695099"
"398784.533","430304.727","53.7154624951564","-2.05110885628862"
"398609.885","430371.761","53.7472778924641","-1.99449263871049"
"398807.18","430430.895","53.6897364888657","-1.93608585162669"
"398797.609","430386.392","53.726553464654","-2.00676643035232"
"399132.831","432111.434","53.7427374810126","-1.93535361062963"
"399701.836","431342.201","53.6790856656669","-1.84477265817675"
"399393.678","429750.61","53.6960570360103","-1.99565599594381"
"399471.411","431967.738","53.7616716280199","-2.06690777272789"
"398930.093","431355.682","53.7117273676103","-1.98538889494021"
"399410.748","429259.638","53.7012875832189","-2.00060731795024"
"398921.519","431831.437","53.7600215558748","-2.0738628687982"
"399291.276","429596.761","53.7508392621087","-1.99170611360002"
"398619.08","430469.003","53.7545389053431","-1.93210163923122"
"398907.102","431883.4","53.7484773054059","-1.9390258061279"
"399043.391","431988.621","53.7605333347801","-1.92714269883395"
"400026.122","431205.779","53.7483092740887","-1.93867676642955"
"399623.562","431471.717","53.7304099465269","-2.00180650715871"
"401478.046","430267.469","53.7320070731334","-1.99637873819072"
"399796.784","432913.085","53.7058720006873","-2.01990345279714"
"399881.831","432907.627","53.7393091247381","-2.07390569574101"
"399814.953","432736.625","53.7523764983382","-1.99352522723281"
"399804.218","432782.465","53.7457478277723","-2.00112852273116"
"398713.704","430188.032","53.702781122573","-2.06560489076645"
"399910.309","429772.59","53.7305401105511","-2.07406981778499"
"400123.105","429395.54","53.7507457028615","-1.88329464341777"
"399727.235","431652.174","53.7509237349108","-1.88393670344445"
"399843.933","431623.349","53.6738842088726","-1.91033424719806"
"399490.476","431196.472","53.6735661209564","-1.90752589547655"
"398728.676","431912.043","53.7700299317102","-2.02262491645549"
"398720.947","431415.931","53.738448448723","-2.04407246081303"
"398784.548","430350.679","53.7668634359003","-2.02356530241159"
"398639.685","430589.162","53.7529689905486","-1.94448528819873"
"400100.954","429470.749","53.6780152126088","-2.0772849193005"
"399505.647","428947.109","53.728772787756","-1.86984696138137"
"399159.067","431860.979","53.7570927668464","-1.90200247511934"
"398922.254","431871.603","53.7462473703157","-2.08775428234893"
"399068.262","432118.235","53.762010711094","-2.07164145288563"
"399377.399","429771.864","53.7620527090751","-2.0715644418969"
"399602.163","431622.256","53.7744357791388","-2.03793662491792"
"399115.234","432091.411","53.7274205807664","-2.00557020423426"
"390313.02","425890.063","53.6973071046633","-1.99268659137097"
"390481.018","425739.064","53.7619006576101","-2.06780889552079"
"390860.975","426396.973","53.7596284302959","-1.93733408385473"
"390886.018","426114.987","53.7566961714921","-1.93625107343894"
"391192.981","425519.024","53.7367654288527","-1.98067553254534"
"391202.996","425580.979","53.7330389913818","-1.98139682416846"
"391267.029","426225.069","53.7034337843843","-2.01592406880581"
"391326.985","426076.979","53.7027227053397","-2.00853520569592"
"389793.029","425134.029","53.7028497417767","-2.02295498434623"
"392736.723","422539.354","53.7416021242657","-2.05997310338569"
"392752.974","422169.061","53.7522149312948","-1.94674159689806"
"392778.98","423044.947","53.7522149312948","-1.94674159689806"
"392782.979","425534.962","53.7508868458983","-1.95248937951737"
"392798.967","421394.063","53.7077301202426","-2.01016719788718"
"392878.99","421170.974","53.706034978607","-2.01031527998396"
"392918.993","421202.065","53.716647999198","-1.98757377012329"
"392987.022","422586.027","53.7396283440774","-2.08171766003789"
"393379.302","422613.147","53.7376065449918","-2.09513939622432"
"393587.981","423730.987","53.7396943732364","-2.08230271869905"
"393713.011","425693.029","53.7367775738372","-2.06243748917575"
"393804.024","425519.002","53.7360304679157","-2.06181946640365"
"393809.01","425497.967","53.737143632626","-2.06292752899861"
"393999.019","425431.956","53.7379457562534","-2.06423461893831"
"394210.025","425475.964","53.7393080967005","-2.07255753215915"
"391452.972","425459.012","53.7507209013688","-1.95747599514386"
"391559.77","421701.013","53.7029477448742","-2.02255892473753"
"391549.981","422158.977","53.7115161462733","-1.90358300772713"
"391788.992","423671.973","53.7473719437456","-1.99604781154549"
"391796.986","421969.058","53.7242109942136","-1.99029654490314"
"392137.019","423266.951","53.7342332177339","-1.98754052198773"
"392181.991","423276.999","53.7560821712147","-2.01303041137643"
"392181.973","421207.04","53.7206175923125","-1.99501439041241"
"392204.524","421302.797","53.7282525961071","-1.99575990963213"
"392272.012","423342.934","53.7718115464072","-1.899354311383"
"392281","421538.985","53.6970063019618","-1.93800167060929"
"392312.025","421531.034","53.7611299804978","-2.03868260531358"
"392366.006","421627.74","53.7426859253231","-2.03863647460671"
"392485.006","422638.998","53.761618082026","-1.97420156834767"
"392495.992","422250.026","53.7583365259356","-2.02561693637439"
"392564.402","422580.349","53.7267980392351","-1.82809871689915"
"392593.954","426447.049","53.7178485792652","-1.81459956198396"
"393010.98","421238.974","53.7186532372778","-1.98694454539644"
"392495.003","420358.038","53.7298232477236","-2.04219166725501"
"393519.389","425713.551","53.7475904842766","-1.95789919544486"
"393569.85","420792.33","53.7117273676103","-1.98538889494021"
"394243.038","424763.966","53.6959820568777","-1.99677913551757"
"394303.034","423993.949","53.7016076076595","-2.00208248466003"
"392642.991","425756.039","53.7017096208922","-2.00312660528273"
"392642.991","425756.039","53.7413972592408","-2.0023339479725"
"393579.971","422349.07","53.7518799017528","-1.94762472847214"
"393209.978","424493.009","53.7157608835881","-1.98761484147031"
"393346.964","424478.012","53.7353943429033","-2.05982131229797"
"395112.985","423960.965","53.7346392410896","-2.05965632102761"
"393497.968","422490.037","53.7364305286089","-2.0621834745754"
"393367.978","425313.003","53.7613450550603","-1.97415056569063"
"392924.67","423936.683","53.7602986823592","-2.0247857777884"
"394428.025","424824.041","53.6985569608806","-2.07955573645872"
"392877.991","423885.018","53.7751688940971","-2.04064000424218"
"392877.991","423885.018","53.7298492877247","-2.04658829600119"
"393728.019","421500.058","53.7283980906173","-2.04601431780674"
"394597.127","425018.096","53.7278155520605","-1.99653304704925"
"391709.15","422144.449","53.7636466791758","-1.93050101505022"
"392644.01","423190.017","53.7655184036879","-2.03482083466287"
"393223.982","423837.989","53.7622300897222","-2.03937267362042"
"393987.99","421634.996","53.7503395524084","-1.93894671591996"
"394235.008","421359.97","53.76100262516","-2.07241560950419"
"393483.014","420389.021","53.7048693683001","-2.06339754959752"
"395948.471","424689.009","53.7572372654757","-2.01329341995903"
"393830.548","420261.366","53.7462721086302","-1.9448876641324"
"393737.394","420250.255","53.754410902142","-1.93229466095173"
"395378.84","424721.826","53.747352188607","-1.9408610874467"
"395513.517","424907.383","53.7481282843864","-1.9407250379149"
"395498.994","424770.992","53.7557439461833","-1.92872711119429"
"395817.971","425319.532","53.7549320801135","-1.94049468675516"
"395256.001","425635.739","53.7349448816183","-2.03685761991428"
"392983.31","425800.569","53.6778952015615","-2.07759895529135"
"394295.663","420911.625","53.677669171341","-2.07749694783633"
"393636.239","422170.307","53.7015745492649","-1.99721590772039"
"395131.643","425707.968","53.7657146585995","-2.04750271875497"
"395297.052","425583.626","53.7553311580665","-1.79961666119508"
"396377.467","425535.886","53.7014459368599","-2.06560299608033"
"395419.138","424699.087","53.6789524052593","-1.89108178831102"
"395437.333","424940.505","53.6818254943411","-1.87622676997421"
"392736.358","424720.706","53.7168830264479","-1.98763475820034"
"394435.702","421146.54","53.681771456868","-1.87458153707959"
"396062.94","424999.101","53.7388046375726","-2.05245452169798"
"395528.371","425047.557","53.7393897185908","-2.05254049416242"
"392627.41","425790.445","53.6806515382608","-1.88687726787103"
"395514.444","424911.054","53.6735479964697","-1.90124007516836"
"393315.544","423305.479","53.7568426371543","-1.96773997170543"
"395373.835","424732.29","53.7354623458807","-1.98632629627831"
"394543.68","420980.409","53.7409529593245","-1.9828775717873"
"403889.47502853","427936.82048906","53.7557516368104","-1.90231658067264"
"396907.018","428188.048","53.754735530732","-1.90179055761485"
"396857.037","428194.981","53.7612936246859","-2.07007725076091"
"392570.41012126","420516.12659463","53.7587655054192","-2.0217824437148"
"397077.80077623","427019.58916417","53.7408957931692","-1.9713261750399"
"395320.23980727","429058.58734527","53.7174980874239","-1.98685061063963"
"391531.017","421328.01","53.7702570070333","-2.02556327056439"
"391005.00834033","422938.8691184","53.7618638200025","-2.02514578888176"
"404344.57747086","429802.86894336","53.7012355827153","-2.00622199427438"
"395821.51429755","423232.97648262","53.6779142224228","-2.07823502669105"
"395718.46074042","423269.56702539","53.762127837408","-1.95250886919978"
"402363.76764006","430008.49834273","53.7604545157613","-1.93833716359315"
"402153.26685063","430471.3302915","53.7697351253853","-1.89356394085219"
"402170.76880682","430756.19702099","53.7489235980346","-1.95378863601607"
"402303.36449615","430137.93119859","53.6759589086207","-2.07454470099602"
"404586.24347223","429881.86369618","53.7557919717737","-1.92965022862529"
"406008.24770497","428910.29467316","53.7175041007968","-1.98751970349195"
"403035.2887872","427683.92898352","53.7445600392286","-2.08452291191061"
"402936.724066","427791.38559221","53.7209376997431","-2.00026403136013"
"416640.42990867","423501.33789538","53.6957402402858","-1.9417072295674"
"416420.61109752","423381.31847625","53.6958322385011","-1.94134518225996"
"394858.39527973","422400.09919638","53.7399176670844","-2.04491051188771"
"393470.97199073","423598.65088774","53.7412116289213","-2.08504106792963"
"412082.03390884","424787.84928084","53.766070315312","-2.02364537702845"
"393912.22351835","423250.16547223","53.7631649299045","-2.02546079057789"
"403750.69620155","427005.70099948","53.7638199845941","-2.02518873951642"
"393793.26640835","421938.47404779","53.7488545946635","-1.95427270338351"
"399920.66356632","430161.75038106","53.6755428377517","-2.07378463832594"
"403810.92516977","424079.76560805","53.7549981172179","-1.9422849094964"
"404671.00243843","429292.52691252","53.7537390454477","-1.94438023740217"
"404055.05684621","428006.32426438","53.7171981722814","-1.99599478085969"
"404705.3636467","428839.62485622","53.7517375086781","-1.99654560769094"
"394283.37200652","428513.80701783","53.7504095722012","-2.01221356112889"
"394312.46830905","428487.1481909","53.7068890915679","-2.0216906301219"
"389392.21341358","424019.77039517","53.7403547352983","-1.97184026273116"
"395892.42829167","420907.51813643","53.7744487796561","-2.03826866991967"
"396260.30437968","420138.55247409","53.6740292130025","-1.85855784918287"
"397017.3056049","419868.49899497","53.7381626033171","-1.98145956173251"
"397496.7575407","420058.23842995","53.7031639953222","-2.05110355873994"
"397525.91542568","420000.38193564","53.7132065327254","-1.98461367782827"
"397559.82425896","420048.2287436","53.6952475097204","-1.83747963694739"
"398125.96545689","422923.08539782","53.7539369281706","-1.93579515113197"
"403055.46779519","431762.2998751","53.7114683199592","-1.98461081182604"
"403794.41538055","431700.18835131","53.7032007503747","-2.01224663941747"
"403846.9201132","431719.27182905","53.7123200077847","-1.77054539229207"
"404288.15356788","429512.85258908","53.7100157722332","-1.77486812307757"
"406290.59515616","430885.85982094","53.7323670973177","-1.99471851664266"
"406246.17502092","429788.55597774","53.732748132897","-1.99443445821615"
"406227.89638701","429847.81023661","53.7386968733671","-2.06609276885236"
"406212.501","429860.358","53.7391529659137","-2.06799896846429"
"406363.451","429371.245","53.7391952537637","-2.07984343278959"
"406472.405","428121.843","53.7305012438316","-2.03075801620822"
"405820.02363191","427076.80194301","53.7719045730266","-1.90032140393896"
"407304.65939126","425704.29847289","53.7446800130903","-1.95291874212322"
"408180.64","426153.051","53.7613830341619","-2.04057887539289"
"408584.583","424837.55","53.7418357771071","-2.03644021011869"
"408594.527","424886.412","53.7059715334345","-2.06461656801029"
"408565.412","424930.53","53.7075248403129","-2.0697940357224"
"405307.0241437","424098.30880873","53.7578076375683","-1.96185020142447"
"403398.56107912","424238.64242616","53.7684768381564","-2.03304234686376"
"400702.1472139","418807.3113463","53.6998741816605","-2.08191294221697"
"400701.63147505","418807.22422561","53.7523898712117","-1.94179897702475"
"402077.84685027","418705.24395903","53.7185516828969","-1.81500056526117"
"398858.47965546","416303.33379964","53.7072878467383","-1.79625898409727"
"402601.57315832","416235.45731514","53.7075309001193","-1.79808820336697"
"404955.19415995","418124.61712754","53.7195144163301","-1.99239214949117"
"411409.04281972","423083.08015063","53.7555276128607","-1.90212056375331"
"411432.10881544","423093.36125614","53.7624547435815","-2.07056627515104"
"410093.397","427526.363","53.7579874403779","-2.02186947673415"
"412348.44964044","427800.35562831","53.7545869983622","-2.00928100196286"
"393407.046","422623.232","53.743897842102","-2.07994633467639"
"395661.00916019","423377.15379866","53.7077788760644","-2.0701440548767"
"396732.49676724","434475.70398464","53.7678815503539","-2.02013678338362"
"396708.01770021","433717.6204327","53.7620248256925","-2.02496175809596"
"396046.7450771","433172.9673628","53.6960991381002","-2.00049454957956"
"393125.34329364","432878.6066072","53.677929202864","-2.07723090715373"
"392194.42735101","431370.43356165","53.6790403136913","-2.0761477319391"
"394153.87600911","431418.63499456","53.7537698814669","-1.93385590652267"
"394183.83230964","431670.19674179","53.7507145809491","-1.93743750073746"
"394203.19027354","431679.33233337","53.7595172348962","-1.92656465200065"
"395242.35740414","429138.29565753","53.7628985748121","-1.9287128117827"
"411280.4473594","428756.31039432","53.7544409074201","-1.93221464708169"
"411289.53936125","428727.29871859","53.7481802410655","-1.93750362731099"
"413722.87330026","424736.05797083","53.7395117994922","-1.9835817479894"
"417253.0500753","422652.81881993","53.7346102572319","-1.9871184387673"
"417692.08897743","420882.43059631","53.7594496685167","-1.95535933585415"
"408288.71765681","430318.12808867","53.7566214959814","-1.95878988502428"
"407521.489","430259.115","53.7040341912469","-2.05893220839775"
"407509.874","430225.941","53.7048353335518","-2.061258359184"
"401789.63034433","423579.26204466","53.7612091840012","-1.90362750526815"
"401814.903153","423574.78799056","53.716283840271","-1.91123270348508"
"401044.71701958","426345.3406763","53.7442799076918","-2.08050739693612"
"407002.42735195","418899.70294915","53.7524397981923","-1.93683033989428"
"407807.73589974","422861.19489209","53.7617727003761","-2.07277264007153"
"409797.05890071","424337.06465133","53.7294668537692","-2.06858927340125"
"400278.193","428641.784","53.7422013899226","-1.9341004813747"
"396761.633","426952.05","53.7416113256278","-1.93452356775877"
"396021.917","426365.414","53.7739627020083","-2.03577730892479"
"393838.516","426592.95","53.6917292604443","-1.79046407640094"
"393956.23047475","426648.43958053","53.6958691089428","-1.78432973968497"
"394434.20713316","427610.79478351","53.7094431452346","-1.79967227718713"
"395250.11435909","429143.48328624","53.7696461841897","-2.04893667929182"
"400897.9","426381.947","53.7085626679078","-2.10480331352696"
"403918.586","426598.043","53.7587975061521","-2.02178444748479"
"400373.63732958","426260.28372362","53.7591065917306","-2.02562192554951"
"392868.81106475","423726.18640067","53.7641021970351","-2.0352130135344"
"393081.77835761","423809.74474125","53.7185862185877","-1.98649649107855"
"395718.356","423334.069","53.6767235871747","-1.86272522489935"
"395661.00916019","423377.15379866","53.7717585514015","-1.90004738459225"
"397795.444","418739.734","53.7189582880188","-1.98802065291035"
"404199.39499443","422728.7707825","53.7390249325608","-1.93068019595794"
"406355.95294679","424338.21434213","53.7404190407032","-1.92827682056726"
"406355.95294679","424338.21434213","53.7173812443587","-2.00475989243691"
"406355.74069589","424337.61889442","53.7719735515334","-1.89874025963801"
"406357.7397011","423970.57111548","53.7596639045951","-2.04208212946458"
"405307.11714955","424098.15208264","53.6981374378479","-1.94030691759791"
"395217.11679881","423698.18028637","53.7386645586604","-2.04915017820046"
"392736.60759598","421344.2354258","53.7698030596032","-2.03459345436156"
"394540.33251304","421078.79610597","53.7215817785007","-1.99938587255735"
"394468.32534872","421116.43557488","53.7613710606634","-1.97452961449861"
"394430.335","421115.13366667","53.7086062216444","-2.01474070533871"
"398126.01960789","422923.1682747","53.7387487982495","-1.99085667434186"
"397839.879","422638.1","53.7632236098515","-1.92893882722885"
"397751.499","422684.647","53.6793816859997","-1.84332046965425"
"397623.62431941","422752.78710464","53.6794436863948","-1.84289641152548"
"398031.916","423181.942","53.7559401585489","-2.01314243246596"
"399914.313","423298.005","53.717858140662","-1.98763368415288"
"394441.037","428226.349","53.7511617038214","-2.01493883634336"
"394414.733","431678.529","53.7426357450843","-2.02781703033695"
"407480.50760057","423968.13054358","53.7217507995285","-1.99913582282999"
"407377.138","423466.608","53.7392005592257","-2.04445848118913"
"407655.08","423068.972","53.6778922065358","-2.07754594299265"
"408926.689","422723.062","53.7353013332342","-1.98664735431382"
"394095.177","431605.283","53.7263898201437","-2.04554940038916"
"411759.02","428150.582","53.7469563029395","-1.95160946520875"
"411711.9327434","428220.67525679","53.7655886963375","-1.90494745485897"
"412308.45522536","428806.25608693","53.7340877652155","-2.03649160446911"
"412269.719","427657.095","53.721399757363","-1.99933287436036"
"410386.445","426884.581","53.7302293024215","-2.04199160765426"
"410366.556","426900.336","53.7310063074273","-2.03015191205685"
"410048.198","427411.112","53.7297846833077","-2.06132265027878"
"409616.86593953","421501.93415832","53.7023299267774","-1.77047401287152"
"407865.54113177","420576.35199584","53.7087152349656","-2.01465168273726"
"407930.83488894","420588.47144459","53.7061899999789","-2.01165043639254"
"407467.68265242","420558.25482637","53.7334942121597","-1.99339327704719"
"407493.54860062","420573.41747544","53.7471313258426","-1.95182348984958"
"407768.0061708","420768.9340471","53.7309843996805","-2.04159749959673"
"406776.219","421287.19","53.737551317291","-2.04345942114553"
"407990.15003833","421078.22001591","53.7166597950951","-1.78045831628012"
"416423.16976404","421926.11596821","53.6495037828765","-1.91879511295621"
"417077.389","422865.439","53.6506300078393","-1.92181945308873"
"413377.91451069","422837.63246954","53.6539041015088","-1.91176590514205"
"413377.81111632","422837.56898096","53.7107053693202","-2.13749137491197"
"413277.98819704","422720.84306869","53.7576502979354","-2.0701874421308"
"412912.94207961","422568.3782825","53.738046558794","-1.97913728263409"
"412960.47651939","422348.45466679","53.7666814534116","-1.88048774294195"
"413408.32","426937.239","53.6736179966108","-1.90091502974975"
"412320.75","427689.05","53.661232686208","-1.90406239342467"
"410989.54486723","425915.02319271","53.7166182771382","-2.13869315333687"
"402986.95331015","421511.67797153","53.7173643983842","-2.13895314600348"
"403564.708","421173.178","53.7640967579992","-1.93168314546224"
"404030.32030555","421509.37955667","53.7376286378908","-2.06034428134764"
"404010.125","421303.582","53.7369005367287","-2.06022229382213"
"402874.41128621","418632.97909621","53.7364864916873","-2.0601463037371"
"402739.013","418643.858","53.7140237679274","-2.12787985970759"
"402524.7158771","418648.20987447","53.7150370338052","-2.13852122964817"
"402644.96806666","418931.53864042","53.649587926645","-1.9232587319165"
"401739.52868049","419104.2155883","53.7046528523106","-2.00471167252472"
"390470.998","424082.933","53.6656600656641","-1.89774024029223"
"390537.025","426962.053","53.7664204093985","-1.8796236322827"
"390651.006","423767.027","53.7047859045956","-2.02105865208514"
"390743.003","427149.001","53.7047769041989","-2.02211879219974"
"390746.968","423760.938","53.7111480410112","-2.05647256461669"
"390838.956","423781.005","53.7411684412849","-2.07787816980307"
"390845.958","427817.026","53.7625788529464","-2.08029973498736"
"390934.99","427918.989","53.6766882556945","-1.89703245822064"
"391204.994","422999.049","53.7331999052191","-1.97421192163292"
"391311.973","426480.996","53.6766882556945","-1.89703245822064"
"391369.311","423317.933","53.7670965648958","-1.95617900833531"
"391372.986","426157.001","53.7406163357053","-1.87425301266657"
"392813.969","422159.063","53.7415514717237","-1.87506908751874"
"392931.012","427462.988","53.7650861694801","-1.87591015325257"
"393842.018","425412.028","53.7656082718634","-1.87745635682105"
"393859.009","425094.021","53.7472362177921","-1.87825216872421"
"393860.031","425118.052","53.7011933118975","-1.92130210881013"
"393974.984","426221.048","53.6990392208501","-1.92559281613366"
"396485.027","428164.994","53.770212847508","-1.87021997326976"
"396590.969","426570.995","53.7361696910523","-1.93535193867394"
"396602.154","426533.157","53.7237276119298","-1.77208473598396"
"397128.962","430620.025","53.6665121292447","-1.89646706832939"
"397190.03","430570.476","53.7377878842189","-1.93578891058869"
"397298.99","429837.303","53.7714640478829","-1.87240123429297"
"397692.778","428237.978","53.6703415412717","-1.8957917552637"
"398187.78","427846.001","53.6831634312486","-2.09800909871316"
"398392.744","429077.663","53.7643938112037","-1.93201617995124"
"391472.996","426549.01","53.7446632661133","-2.13188606221129"
"391527.391","423414.324","53.6931327596329","-1.76028515195875"
"391778.281","423514.894","53.7281073614766","-1.77795816127951"
"391867.994","423517.962","53.7271552359072","-1.77840228020459"
"392115.467","426633.538","53.6986952879326","-1.86981860029552"
"392247.018","422259.005","53.7661412486038","-1.87071732718613"
"392343.254","423073.687","53.7550130848124","-1.87135875994103"
"392430.02","421482.996","53.7346805616936","-1.87166292112267"
"392670.96","427173.008","53.7373058996099","-1.87223087595457"
"392690.982","425605.981","53.7511846788042","-1.872310055901"
"398439.046","427497.993","53.7641059876042","-1.87292778219733"
"398493.813","429064.722","53.7643520209043","-1.873133797451"
"398828.81","429061.503","53.7497474971071","-1.87313425873204"
"398853.873","430072.945","53.7386730825748","-1.8731979515224"
"398901.815","429139.918","53.7095791753719","-1.99204487378272"
"399235.995","431350.052","53.7497344939043","-2.0130477082735"
"400241.993","423506.939","53.7440428580631","-2.02314235505032"
"400540.008","423741.935","53.7401503380122","-2.11505592626231"
"400715.004","424240.951","53.7376911136511","-2.11990059750515"
"400734.965","424574.509","53.7380691700602","-2.1201146251403"
"408569.995","429537.029","53.7386622495513","-2.12049466127962"
"408650.986","429411.011","53.740485510868","-2.12145575000314"
"394311.019","424615.011","53.738965331275","-2.12273994536324"
"408527.016","430381.983","53.7359149391984","-2.12279302290099"
"406877.031","419273.028","53.7372031020267","-2.12290200022652"
"394323.065","423967.221","53.7362139853552","-2.12344410756551"
"405385.028","422863.053","53.7374531620803","-2.12407016383419"
"402425.958","418043.03","53.7365600606737","-2.12519132330306"
"404165.991","428095.032","53.7440320468383","-2.12554524933933"
"404155.75","428424.244","53.7384043120908","-2.12574035421384"
"394435.973","429604.935","53.734609374761","-2.12794448251137"
"393332.02","424458.006","53.7413057583434","-2.12852364962448"
"399806.02","421909.99","53.7323685877611","-2.13027011386432"
"394008.652","422228.432","53.7457221303399","-2.02672069442409"
"398501.015","423186.996","53.7497548016564","-2.03692976022624"
"398707.989","423033.959","53.7328737049914","-2.04634909157632"
"406045.976","417546.994","53.733506828607","-2.04946850416368"
"390419.013","424348.958","53.7342709441458","-2.05021256471367"
"395411.98","427161.942","53.7239977111234","-2.09298860149852"
"396239.045","428225.053","53.7424944760666","-2.10776895906186"
"395921.479","428529.63","53.7094593088203","-2.14886702111354"
"394708.022","432241.041","53.7092043061668","-2.15154740016842"
"395730.053","428730.962","53.7302485889993","-2.15171423885263"
"406336.99","418254.953","53.7116877516995","-2.15693603417047"
"414103.001","425752.993","53.7309208023241","-2.16032645437215"
"403318.995","428185.056","53.7108376780743","-2.16103866220457"
"395556.028","432141.005","53.7096355329107","-2.16362510381081"
"395340.996","429151.004","53.7095805241226","-2.16332506535415"
"391905.009","426618.994","53.7276253577528","-2.16607845519672"
"393791.995","421538.02","53.7249739927237","-2.16995915362489"
"399727.02","423108.993","53.7368382187679","-2.13129877756798"
"404164.987","425573.994","53.7115024297755","-2.13152452227967"
"398790.04","429055.061","53.7381013824234","-2.13171315461673"
"413484.152","423434.396","53.7451043220548","-2.13175005177309"
"409392.945","421034.968","53.7381823926874","-2.13172914619709"
"413605.287","428586.685","53.7446632661133","-2.13188606221129"
"400476.935","424402.808","53.7391075265033","-2.13220118113886"
"405765.092","419827.521","53.743773159827","-2.13242913903343"
"400697.693","424429.088","53.7409317835383","-2.13260119319638"
"390800.983","426684.035","53.7043735995815","-2.13250203985739"
"390801.033","426543.067","53.7398896519158","-2.13282624868341"
"390825.032","426602.989","53.7407607690511","-2.1328742269333"
"391390.969","426213.043","53.7424779998578","-2.13315222641872"
"389889.026","426151.991","53.7382794470099","-2.1337914296433"
"392694.994","421376.982","53.7314205079203","-2.13378462895354"
"392980.005","422401.018","53.7093501381515","-2.13518415981514"
"393736.97","423596.931","53.7122116297433","-2.1405266948521"
"393860.002","425341.019","53.7262688280903","-2.14204406998174"
"397095.178","430365.146","53.7267499156084","-2.14261313219481"
"397133.965","430106.215","53.710624437711","-2.14488539997389"
"397238.019","429952.942","53.7145080298879","-2.14495916194345"
"397336.208","429791.329","53.7113775743261","-2.14663058603741"
"397359.661","429652.353","53.7101723966339","-2.14679368956534"
"397641.403","428231.107","53.6896328313018","-1.95524233519839"
"397830.031","429238.001","53.728772787756","-1.86984696138137"
"398088.287","429109.715","53.6614844433153","-1.94790644517606"
"391438.019","426828.007","53.6647401519505","-2.03333375895348"
"391657.01","426639.018","53.6582671931776","-1.94797161154262"
"391677.976","421739.072","53.6578361839573","-1.95057497604907"
"391733.985","421378.045","53.6550713451042","-2.02826848079351"
"391883.996","423571.003","53.7067597633747","-1.79396372566789"
"398461.031","429025.015","53.7811023008997","-2.08508515136148"
"398894.914","429492.266","53.6895798396825","-1.95594442222031"
"399300.01","428589.009","53.6821660959903","-1.96349290706095"
"400155.988","422707.022","53.7148715862395","-1.90577408348697"
"400326.031","423323.929","53.7613956929775","-1.8047711468792"
"400406.022","423600.958","53.7634028970436","-1.80685534603143"
"400501.991","423697.984","53.6654902421168","-2.03545100267552"
"403325.655","427022.387","53.6801661647343","-2.01458134406004"
"404512.98","422283.973","53.777473862749","-2.0078305537194"
"404207.003","426584.045","53.6889131014689","-1.86004993331619"
"393234.022","421699.033","53.7062259568667","-2.00145420363669"
"406314.988","417997.034","53.6859585288131","-1.9608842871802"
"406713.035","419475.952","53.6859654083371","-1.95400938981025"
"406070.984","417739.052","53.7212650019491","-2.13922394423032"
"394243.038","424763.966","53.665115194627","-2.03477493100798"
"404658.993","422465.011","53.7619198350168","-2.02609391384078"
"402549.005","429905.962","53.7461652051594","-1.95195754659582"
"402553.017","430185.794","53.7525294357569","-1.99062690074822"
"402554.492","430135.837","53.7523774948127","-1.99333721398674"
"401609.029","427073.039","53.7726483335977","-2.02160956918433"
"392642.991","425756.039","53.7146358444304","-1.92641402198243"
"393579.971","422349.07","53.6866633798358","-1.94769351419129"
"403015.971","430028.953","53.6653932310772","-2.0352969882518"
"406957.983","420082.984","53.681380331932","-2.01279504053691"
"395112.985","423960.965","53.7184320747492","-1.97776741338647"
"400773.975","425607.005","53.7288547177181","-2.1070011485262"
"394297.986","424744.982","53.7876938913283","-1.98340804552704"
"403955.143","425277.42","53.7630448132759","-2.01864495719444"
"394492.045","424669.975","53.7802765817748","-2.03855640617733"
"394010.387","421593.577","53.7773217426491","-1.9992255114075"
"401429.797","426906.542","53.6954932340149","-1.94295440877467"
"406068.48","417521.1","53.7118444144492","-1.98796920020189"
"393223.982","423837.989","53.6764850334494","-1.94155949468036"
"403820.986","427817.04","53.6694846260685","-1.97469023695722"
"404508.078","429756.075","53.7222267324708","-1.99026968987149"
"394383.58","424798.505","53.7867928170962","-1.98515330168406"
"394988.034","424249.048","53.785365689384","-1.98896483060003"
"393509.006","420412.015","53.7556490558387","-1.93482094213166"
"405509.997","422984.016","53.7976481690301","-2.06009599001597"
"404217.003","425700.987","53.7577965030864","-1.95256605897873"
"403902.002","416977.068","53.6761375782356","-2.02208855616611"
"403614.979","417795.012","53.7551443366139","-1.95573256494907"
"403807.027","416873.969","53.7843295702405","-2.07964431023495"
"404184.023","428442.07","53.6563496451909","-1.92560766077475"
"400802.029","423937.004","53.6468161422123","-1.95014850663063"
"403775.546","425130.191","53.6495654115044","-1.94828411343335"
"402496.974","420266.986","53.6471100864352","-1.94438373662465"
"400282.288","425803.335","53.6445868995053","-1.95055968176012"
"412024.166","424904.006","53.6530108200621","-1.95528585215569"
"401609.029","427072.928","53.6496664691707","-1.95436690767056"
"396633.758","424362.111","53.6444338942761","-1.95099873802779"
"393890.062","420752.833","53.6998940890133","-1.74402251917087"
"400749.361","432424.132","53.7003901535626","-1.74453456109537"
"400593.679","432411.096","53.7361578934395","-2.02563810812218"
"404164.752","426774.929","53.662096788414","-1.98106656845038"
"394643.951","420201.702","53.6941461840688","-1.73412161349333"
"397579.014","426424.607","53.698361361797","-2.00142353088233"
"396023.737","426485.35","53.6984518877147","-1.74200133106144"
"403632.786","427791.083","53.7801325660927","-2.03839538018211"
"403965.101","428039.01","53.7877932341672","-2.00792399548741"
"404717.016","428852.985","53.6924021366528","-1.95560821035335"
"401800.557","427308.974","53.7162051261063","-2.130796088897"
"397996.851","426398.478","53.6687295298778","-1.97429725890573"
"413548.701","427900.044","53.7301477367687","-2.06154864195942"
"398149.183","427352.243","53.7468127657986","-2.09769060388645"
"401673.163","427006.305","53.7001587782393","-1.77272740900223"
"412404.628","424514.348","53.6822694502037","-2.01194688647456"
"412014.258","424959.946","53.6949063246632","-1.73605480354323"
"400795.934","424120.469","53.7206322873775","-2.05522782149521"
"400349.57","426244.148","53.6787179633452","-2.01782083126145"
"400975.653","424126.73","53.667264335923","-1.97233012754204"
"394232.997","427709.584","53.6684594748965","-1.97128490069395"
"406300.817","419702.914","53.6696006241379","-1.97172287002042"
"407893.709","420586.878","53.7313743433526","-2.02930379431045"
"410661.303","422500.018","53.789489140243","-2.0708018194052"
"400367.506","427888.45","53.7575943413598","-1.80019267677916"
"392629.849","425789.551","53.7629456199809","-1.93065306391984"
"392647.559","425765.267","53.7684723990096","-1.92865645477202"
"410726.77","422132.128","53.689857397283","-2.00305928707317"
"399799.024","429619.952","53.6890663082139","-2.00205920964216"
"403443.591","418005.156","53.6828412075549","-1.96520307881912"
"397592.888","427311.455","53.7667772360429","-1.93500140487047"
"398325.984","429684.366","53.7269103120597","-1.98811607137047"
"400818.074","424401.179","53.7207851725096","-1.77057076244334"
"415045.604","425306.279","53.7585844241927","-1.80076372074058"
"393868.352","425318.978","53.73608120631","-2.13798407645829"
