Unique Postal Districts,Customer Numbers,Number of PVs,Number of Heat Pumps,Number of Energy Storage,Number of EV Chargers,Total Number of LCTs,% Of Connections with LCT,% of Connections with PV,PV Band,% of Connections with Heatpumps,Heatpump Band,% of Connections with Energy Storage,Energy Storage Band,% of Connections with EV Chargers,EV Band
NE662,2647,115,0,0,45,160,6.04,4.34,0%-25%,0,0%-25%,0,0%-25%,1.7,0%-25%
DL105,2011,89,2,0,34,125,6.22,4.43,25%-50%,0.1,0%-25%,0,0%-25%,1.69,0%-25%
NE461,2325,101,13,0,56,170,7.31,4.34,0%-25%,0.56,0%-25%,0,0%-25%,2.41,0%-25%
YO224,3831,115,13,0,46,174,4.54,3,0%-25%,0.34,0%-25%,0,0%-25%,1.2,0%-25%
DH21,5000,198,177,0,82,457,9.14,3.96,0%-25%,3.54,50%-75%,0,0%-25%,1.64,0%-25%
YO113,5965,253,5,1,55,314,5.26,4.24,0%-25%,0.08,0%-25%,0.02,0%-25%,0.92,0%-25%
NE359,2984,104,7,0,62,173,5.8,3.49,0%-25%,0.23,0%-25%,0,0%-25%,2.08,0%-25%
NE658,1203,120,0,1,26,147,12.22,9.98,50%-75%,0,0%-25%,0.08,25%-50%,2.16,0%-25%
SR67,4713,158,8,0,71,237,5.03,3.35,0%-25%,0.17,0%-25%,0,0%-25%,1.51,0%-25%
TS58,4925,141,148,0,35,324,6.58,2.86,0%-25%,3.01,50%-75%,0,0%-25%,0.71,0%-25%
YO179,4034,227,7,1,98,333,8.25,5.63,25%-50%,0.17,0%-25%,0.02,0%-25%,2.43,0%-25%
NE464,1635,92,12,0,33,137,8.38,5.63,25%-50%,0.73,0%-25%,0,0%-25%,2.02,0%-25%
NE707,1253,72,4,0,11,87,6.94,5.75,25%-50%,0.32,0%-25%,0,0%-25%,0.88,0%-25%
NE289,5977,315,17,1,68,401,6.71,5.27,25%-50%,0.28,0%-25%,0.02,0%-25%,1.14,0%-25%
TS38,2218,48,18,0,18,84,3.79,2.16,0%-25%,0.81,0%-25%,0,0%-25%,0.81,0%-25%
DH14,3414,92,56,0,86,234,6.85,2.69,0%-25%,1.64,25%-50%,0,0%-25%,2.52,25%-50%
NE296,4951,129,80,0,65,274,5.53,2.61,0%-25%,1.62,25%-50%,0,0%-25%,1.31,0%-25%
NE311,4634,120,124,0,63,307,6.62,2.59,0%-25%,2.68,50%-75%,0,0%-25%,1.36,0%-25%
DL85,2219,177,0,0,30,207,9.33,7.98,25%-50%,0,0%-25%,0,0%-25%,1.35,0%-25%
DL81,2284,142,33,0,31,206,9.02,6.22,25%-50%,1.44,25%-50%,0,0%-25%,1.36,0%-25%
YO74,1852,175,20,0,30,225,12.15,9.45,50%-75%,1.08,0%-25%,0,0%-25%,1.62,0%-25%
SR32,3960,250,71,1,34,356,8.99,6.31,25%-50%,1.79,25%-50%,0.03,0%-25%,0.86,0%-25%
NE238,1209,34,8,0,19,61,5.05,2.81,0%-25%,0.66,0%-25%,0,0%-25%,1.57,0%-25%
NE288,4900,121,11,0,56,188,3.84,2.47,0%-25%,0.22,0%-25%,0,0%-25%,1.14,0%-25%
YO213,3844,101,49,0,37,187,4.86,2.63,0%-25%,1.27,0%-25%,0,0%-25%,0.96,0%-25%
NE716,1703,88,6,0,15,109,6.4,5.17,25%-50%,0.35,0%-25%,0,0%-25%,0.88,0%-25%
DL11,3657,77,3,0,76,156,4.27,2.11,0%-25%,0.08,0%-25%,0,0%-25%,2.08,0%-25%
YO103,5851,204,11,1,87,303,5.18,3.49,0%-25%,0.19,0%-25%,0.02,0%-25%,1.49,0%-25%
YO264,2914,41,80,0,71,192,6.59,1.41,0%-25%,2.75,50%-75%,0,0%-25%,2.44,0%-25%
DL117,1612,141,18,0,31,190,11.79,8.75,50%-75%,1.12,0%-25%,0,0%-25%,1.92,0%-25%
HG44,1397,81,28,0,26,135,9.66,5.8,25%-50%,2,25%-50%,0,0%-25%,1.86,0%-25%
NE426,2860,142,31,0,54,227,7.94,4.97,25%-50%,1.08,0%-25%,0,0%-25%,1.89,0%-25%
DH77,4171,151,49,0,57,257,6.16,3.62,0%-25%,1.17,0%-25%,0,0%-25%,1.37,0%-25%
NE97,5402,132,66,0,55,253,4.68,2.44,0%-25%,1.22,0%-25%,0,0%-25%,1.02,0%-25%
YO269,527,56,19,0,12,87,16.51,10.63,50%-75%,3.61,50%-75%,0,0%-25%,2.28,0%-25%
YO612,619,46,16,0,16,78,12.6,7.43,25%-50%,2.58,25%-50%,0,0%-25%,2.58,25%-50%
NE236,5621,224,81,0,94,399,7.1,3.99,0%-25%,1.44,25%-50%,0,0%-25%,1.67,0%-25%
SR85,3374,104,10,0,28,142,4.21,3.08,0%-25%,0.3,0%-25%,0,0%-25%,0.83,0%-25%
NE270,6209,278,10,2,150,440,7.09,4.48,25%-50%,0.16,0%-25%,0.03,0%-25%,2.42,0%-25%
NE479,1190,99,5,0,24,128,10.76,8.32,25%-50%,0.42,0%-25%,0,0%-25%,2.02,0%-25%
DH89,1539,75,8,0,14,97,6.3,4.87,25%-50%,0.52,0%-25%,0,0%-25%,0.91,0%-25%
DL62,2293,142,9,0,34,185,8.07,6.19,25%-50%,0.39,0%-25%,0,0%-25%,1.48,0%-25%
DL159,4457,152,34,0,42,228,5.12,3.41,0%-25%,0.76,0%-25%,0,0%-25%,0.94,0%-25%
HG31,2601,158,9,1,513,681,26.18,6.07,25%-50%,0.35,0%-25%,0.04,0%-25%,19.72,75%-100%
YO613,2758,175,28,0,94,297,10.77,6.35,25%-50%,1.02,0%-25%,0,0%-25%,3.41,25%-50%
NE664,1026,49,0,0,9,58,5.65,4.78,25%-50%,0,0%-25%,0,0%-25%,0.88,0%-25%
DL166,5581,169,137,0,81,387,6.93,3.03,0%-25%,2.45,25%-50%,0,0%-25%,1.45,0%-25%
DL134,1599,76,29,0,24,129,8.07,4.75,25%-50%,1.81,25%-50%,0,0%-25%,1.5,0%-25%
NE82,3642,42,16,0,41,99,2.72,1.15,0%-25%,0.44,0%-25%,0,0%-25%,1.13,0%-25%
YO139,2584,131,40,0,58,229,8.86,5.07,25%-50%,1.55,25%-50%,0,0%-25%,2.24,0%-25%
DL133,1628,73,34,0,19,126,7.74,4.48,25%-50%,2.09,25%-50%,0,0%-25%,1.17,0%-25%
DL116,1616,65,0,0,27,92,5.69,4.02,0%-25%,0,0%-25%,0,0%-25%,1.67,0%-25%
YO614,1082,102,3,0,30,135,12.48,9.43,50%-75%,0.28,0%-25%,0,0%-25%,2.77,25%-50%
TS80,4152,133,66,0,37,236,5.68,3.2,0%-25%,1.59,25%-50%,0,0%-25%,0.89,0%-25%
YO105,2757,62,3,0,42,107,3.88,2.25,0%-25%,0.11,0%-25%,0,0%-25%,1.52,0%-25%
YO625,1682,83,5,0,29,117,6.96,4.93,25%-50%,0.3,0%-25%,0,0%-25%,1.72,0%-25%
DL63,1475,130,7,0,19,156,10.58,8.81,50%-75%,0.47,0%-25%,0,0%-25%,1.29,0%-25%
NE462,1961,123,29,1,50,203,10.35,6.27,25%-50%,1.48,25%-50%,0.05,0%-25%,2.55,25%-50%
SR13,1246,6,5,0,6,17,1.36,0.48,0%-25%,0.4,0%-25%,0,0%-25%,0.48,0%-25%
TS249,3554,153,36,1,25,215,6.05,4.31,0%-25%,1.01,0%-25%,0.03,0%-25%,0.7,0%-25%
NE233,1602,88,5,0,27,120,7.49,5.49,25%-50%,0.31,0%-25%,0,0%-25%,1.69,0%-25%
NE156,2452,51,55,0,33,139,5.67,2.08,0%-25%,2.24,25%-50%,0,0%-25%,1.35,0%-25%
NE126,4297,201,6,1,68,276,6.42,4.68,25%-50%,0.14,0%-25%,0.02,0%-25%,1.58,0%-25%
HG20,4319,52,125,0,181,358,8.29,1.2,0%-25%,2.89,50%-75%,0,0%-25%,4.19,25%-50%
YO73,2290,147,0,0,36,183,7.99,6.42,25%-50%,0,0%-25%,0,0%-25%,1.57,0%-25%
YO231,4204,61,70,0,100,231,5.49,1.45,0%-25%,1.67,25%-50%,0,0%-25%,2.38,0%-25%
YO241,3056,96,49,0,43,188,6.15,3.14,0%-25%,1.6,25%-50%,0,0%-25%,1.41,0%-25%
YO242,3426,218,30,2,51,301,8.79,6.36,25%-50%,0.88,0%-25%,0.06,25%-50%,1.49,0%-25%
NE264,2117,83,21,0,41,145,6.85,3.92,0%-25%,0.99,0%-25%,0,0%-25%,1.94,0%-25%
DL120,1532,69,10,0,15,94,6.14,4.5,25%-50%,0.65,0%-25%,0,0%-25%,0.98,0%-25%
NE84,5996,68,101,0,69,238,3.97,1.13,0%-25%,1.68,25%-50%,0,0%-25%,1.15,0%-25%
DL55,2983,119,23,0,51,193,6.47,3.99,0%-25%,0.77,0%-25%,0,0%-25%,1.71,0%-25%
NE470,479,58,14,0,8,80,16.7,12.11,50%-75%,2.92,50%-75%,0,0%-25%,1.67,0%-25%
CA93,31,0,0,0,0,0,0,0,0%-25%,0,0%-25%,0,0%-25%,0,0%-25%
NE324,4901,239,86,1,42,368,7.51,4.88,25%-50%,1.75,25%-50%,0.02,0%-25%,0.86,0%-25%
TS56,3808,62,58,0,27,147,3.86,1.63,0%-25%,1.52,25%-50%,0,0%-25%,0.71,0%-25%
NE62,7356,68,177,0,64,309,4.2,0.92,0%-25%,2.41,25%-50%,0,0%-25%,0.87,0%-25%
YO317,2300,34,10,0,30,74,3.22,1.48,0%-25%,0.43,0%-25%,0,0%-25%,1.3,0%-25%
HG45,1394,103,20,0,26,149,10.69,7.39,25%-50%,1.43,25%-50%,0,0%-25%,1.87,0%-25%
SR54,2967,451,5,4,45,505,17.02,15.2,75%-100%,0.17,0%-25%,0.13,50%-75%,1.52,0%-25%
NE697,513,9,3,0,8,20,3.9,1.75,0%-25%,0.58,0%-25%,0,0%-25%,1.56,0%-25%
NE333,4843,66,9,0,36,111,2.29,1.36,0%-25%,0.19,0%-25%,0,0%-25%,0.74,0%-25%
NE347,4996,492,171,4,72,739,14.79,9.85,50%-75%,3.42,50%-75%,0.08,25%-50%,1.44,0%-25%
HG34,908,46,20,0,62,128,14.1,5.07,25%-50%,2.2,25%-50%,0,0%-25%,6.83,50%-75%
NE33,4396,128,70,0,85,283,6.44,2.91,0%-25%,1.59,25%-50%,0,0%-25%,1.93,0%-25%
NE17,584,1,0,0,4,5,0.86,0.17,0%-25%,0,0%-25%,0,0%-25%,0.68,0%-25%
SR34,4167,295,9,3,39,346,8.3,7.08,25%-50%,0.22,0%-25%,0.07,25%-50%,0.94,0%-25%
SR47,5622,70,69,0,41,180,3.2,1.25,0%-25%,1.23,0%-25%,0,0%-25%,0.73,0%-25%
YO124,4276,173,2,0,29,204,4.77,4.05,0%-25%,0.05,0%-25%,0,0%-25%,0.68,0%-25%
YO607,1621,142,6,0,40,188,11.6,8.76,50%-75%,0.37,0%-25%,0,0%-25%,2.47,0%-25%
YO178,2939,157,9,0,57,223,7.59,5.34,25%-50%,0.31,0%-25%,0,0%-25%,1.94,0%-25%
SR78,3512,159,24,1,45,229,6.52,4.53,25%-50%,0.68,0%-25%,0.03,0%-25%,1.28,0%-25%
NE499,1912,73,11,0,27,111,5.81,3.82,0%-25%,0.58,0%-25%,0,0%-25%,1.41,0%-25%
NE613,1829,130,1,0,36,167,9.13,7.11,25%-50%,0.05,0%-25%,0,0%-25%,1.97,0%-25%
NE360,3393,72,8,0,75,155,4.57,2.12,0%-25%,0.24,0%-25%,0,0%-25%,2.21,0%-25%
DH44,3968,223,43,1,56,323,8.14,5.62,25%-50%,1.08,0%-25%,0.03,0%-25%,1.41,0%-25%
NE244,3379,272,71,2,44,389,11.51,8.05,25%-50%,2.1,25%-50%,0.06,25%-50%,1.3,0%-25%
YO266,2853,117,63,0,66,246,8.62,4.1,0%-25%,2.21,25%-50%,0,0%-25%,2.31,0%-25%
DH11,4625,184,77,0,115,376,8.13,3.98,0%-25%,1.66,25%-50%,0,0%-25%,2.49,0%-25%
SR77,4833,125,50,0,61,236,4.88,2.59,0%-25%,1.03,0%-25%,0,0%-25%,1.26,0%-25%
NE258,4050,77,135,0,69,281,6.94,1.9,0%-25%,3.33,50%-75%,0,0%-25%,1.7,0%-25%
NE110,2774,83,16,0,37,136,4.9,2.99,0%-25%,0.58,0%-25%,0,0%-25%,1.33,0%-25%
YO112,5701,51,89,0,45,185,3.25,0.89,0%-25%,1.56,25%-50%,0,0%-25%,0.79,0%-25%
YO301,1114,68,24,0,25,117,10.5,6.1,25%-50%,2.15,25%-50%,0,0%-25%,2.24,0%-25%
TS95,2806,138,26,1,65,230,8.2,4.92,25%-50%,0.93,0%-25%,0.04,0%-25%,2.32,0%-25%
NE49,5917,114,17,0,60,191,3.23,1.93,0%-25%,0.29,0%-25%,0,0%-25%,1.01,0%-25%
NE54,3868,180,10,1,32,223,5.77,4.65,25%-50%,0.26,0%-25%,0.03,0%-25%,0.83,0%-25%
DH63,2618,62,25,0,32,119,4.55,2.37,0%-25%,0.95,0%-25%,0,0%-25%,1.22,0%-25%
NE302,4242,102,8,0,61,171,4.03,2.4,0%-25%,0.19,0%-25%,0,0%-25%,1.44,0%-25%
HG35,1936,96,29,0,127,252,13.02,4.96,25%-50%,1.5,25%-50%,0,0%-25%,6.56,50%-75%
NE334,4992,59,10,0,33,102,2.04,1.18,0%-25%,0.2,0%-25%,0,0%-25%,0.66,0%-25%
DH34,2748,122,76,0,46,244,8.88,4.44,25%-50%,2.77,50%-75%,0,0%-25%,1.67,0%-25%
TS232,3732,185,51,1,36,273,7.32,4.96,25%-50%,1.37,25%-50%,0.03,0%-25%,0.96,0%-25%
NE481,513,33,1,0,9,43,8.38,6.43,25%-50%,0.19,0%-25%,0,0%-25%,1.75,0%-25%
DH23,4795,121,41,0,79,241,5.03,2.52,0%-25%,0.86,0%-25%,0,0%-25%,1.65,0%-25%
DH31,3268,76,53,0,56,185,5.66,2.33,0%-25%,1.62,25%-50%,0,0%-25%,1.71,0%-25%
DL147,2897,73,4,0,26,103,3.56,2.52,0%-25%,0.14,0%-25%,0,0%-25%,0.9,0%-25%
DL179,2046,75,48,0,20,143,6.99,3.67,0%-25%,2.35,25%-50%,0,0%-25%,0.98,0%-25%
TS198,4469,190,80,0,31,301,6.74,4.25,0%-25%,1.79,25%-50%,0,0%-25%,0.69,0%-25%
HG42,3891,136,62,0,97,295,7.58,3.5,0%-25%,1.59,25%-50%,0,0%-25%,2.49,0%-25%
NE177,2547,57,57,0,40,154,6.05,2.24,0%-25%,2.24,25%-50%,0,0%-25%,1.57,0%-25%
NE312,4847,154,253,0,68,475,9.8,3.18,0%-25%,5.22,75%-100%,0,0%-25%,1.4,0%-25%
NE615,4034,176,107,0,117,400,9.92,4.36,25%-50%,2.65,50%-75%,0,0%-25%,2.9,25%-50%
NE232,2316,190,7,2,39,238,10.28,8.2,25%-50%,0.3,0%-25%,0.09,25%-50%,1.68,0%-25%
TS183,3998,75,123,0,94,292,7.3,1.88,0%-25%,3.08,50%-75%,0,0%-25%,2.35,0%-25%
NE348,5330,228,126,1,76,431,8.09,4.28,0%-25%,2.36,25%-50%,0.02,0%-25%,1.43,0%-25%
NE65,6931,74,23,0,58,155,2.24,1.07,0%-25%,0.33,0%-25%,0,0%-25%,0.84,0%-25%
YO307,1348,14,32,0,32,78,5.79,1.04,0%-25%,2.37,25%-50%,0,0%-25%,2.37,0%-25%
YO322,2607,108,46,1,72,227,8.71,4.14,0%-25%,1.76,25%-50%,0.04,0%-25%,2.76,25%-50%
HG11,1789,12,20,0,17,49,2.74,0.67,0%-25%,1.12,0%-25%,0,0%-25%,0.95,0%-25%
NE418,1004,50,15,0,35,100,9.96,4.98,25%-50%,1.49,25%-50%,0,0%-25%,3.49,25%-50%
NE63,3849,101,13,0,32,146,3.79,2.62,0%-25%,0.34,0%-25%,0,0%-25%,0.83,0%-25%
DL39,5112,205,86,0,61,352,6.89,4.01,0%-25%,1.68,25%-50%,0,0%-25%,1.19,0%-25%
TS89,5253,376,190,3,51,620,11.8,7.16,25%-50%,3.62,50%-75%,0.06,25%-50%,0.97,0%-25%
TS214,1227,38,9,0,36,83,6.76,3.1,0%-25%,0.73,0%-25%,0,0%-25%,2.93,25%-50%
NE380,4208,295,10,3,77,385,9.15,7.01,25%-50%,0.24,0%-25%,0.07,25%-50%,1.83,0%-25%
TS252,4788,187,209,0,38,434,9.06,3.91,0%-25%,4.37,75%-100%,0,0%-25%,0.79,0%-25%
DL36,4850,39,39,0,53,131,2.7,0.8,0%-25%,0.8,0%-25%,0,0%-25%,1.09,0%-25%
YO414,1080,53,15,0,29,97,8.98,4.91,25%-50%,1.39,25%-50%,0,0%-25%,2.69,25%-50%
NE108,8198,445,19,3,52,519,6.33,5.43,25%-50%,0.23,0%-25%,0.04,0%-25%,0.63,0%-25%
TS296,2884,122,140,1,28,291,10.09,4.23,0%-25%,4.85,75%-100%,0.03,0%-25%,0.97,0%-25%
DH70,2893,126,12,0,36,174,6.01,4.36,25%-50%,0.41,0%-25%,0,0%-25%,1.24,0%-25%
NE137,2793,111,10,0,99,220,7.88,3.97,0%-25%,0.36,0%-25%,0,0%-25%,3.54,25%-50%
NE335,2381,30,20,0,15,65,2.73,1.26,0%-25%,0.84,0%-25%,0,0%-25%,0.63,0%-25%
NE125,953,50,2,0,15,67,7.03,5.25,25%-50%,0.21,0%-25%,0,0%-25%,1.57,0%-25%
NE646,3220,83,8,0,22,113,3.51,2.58,0%-25%,0.25,0%-25%,0,0%-25%,0.68,0%-25%
SR70,2924,125,13,1,37,176,6.02,4.27,0%-25%,0.44,0%-25%,0.03,0%-25%,1.27,0%-25%
YO127,5253,62,12,0,34,108,2.06,1.18,0%-25%,0.23,0%-25%,0,0%-25%,0.65,0%-25%
SR53,4003,261,9,2,55,327,8.17,6.52,25%-50%,0.22,0%-25%,0.05,0%-25%,1.37,0%-25%
DH87,4266,266,54,1,60,381,8.93,6.24,25%-50%,1.27,0%-25%,0.02,0%-25%,1.41,0%-25%
NE425,2928,147,97,1,55,300,10.25,5.02,25%-50%,3.31,50%-75%,0.03,0%-25%,1.88,0%-25%
YO268,1432,101,35,0,32,168,11.73,7.05,25%-50%,2.44,25%-50%,0,0%-25%,2.23,0%-25%
YO268,1432,101,35,0,32,168,11.73,7.05,25%-50%,2.44,25%-50%,0,0%-25%,2.23,0%-25%
NE463,2060,81,11,1,53,146,7.09,3.93,0%-25%,0.53,0%-25%,0.05,0%-25%,2.57,25%-50%
YO196,3158,191,62,0,99,352,11.15,6.05,25%-50%,1.96,25%-50%,0,0%-25%,3.13,25%-50%
DL170,2554,87,26,0,22,135,5.29,3.41,0%-25%,1.02,0%-25%,0,0%-25%,0.86,0%-25%
DH59,3198,247,89,2,32,370,11.57,7.72,25%-50%,2.78,50%-75%,0.06,25%-50%,1,0%-25%
YO149,4497,186,76,1,43,306,6.8,4.14,0%-25%,1.69,25%-50%,0.02,0%-25%,0.96,0%-25%
YO304,1691,33,45,0,36,114,6.74,1.95,0%-25%,2.66,50%-75%,0,0%-25%,2.13,0%-25%
YO305,3116,100,120,0,82,302,9.69,3.21,0%-25%,3.85,50%-75%,0,0%-25%,2.63,25%-50%
TS121,3519,113,67,0,33,213,6.05,3.21,0%-25%,1.9,25%-50%,0,0%-25%,0.94,0%-25%
NE12,1602,11,1,0,54,66,4.12,0.69,0%-25%,0.06,0%-25%,0,0%-25%,3.37,25%-50%
YO606,882,85,7,0,22,114,12.93,9.64,50%-75%,0.79,0%-25%,0,0%-25%,2.49,0%-25%
TS14,3338,16,11,0,16,43,1.29,0.48,0%-25%,0.33,0%-25%,0,0%-25%,0.48,0%-25%
DL15,3540,108,6,0,76,190,5.37,3.05,0%-25%,0.17,0%-25%,0,0%-25%,2.15,0%-25%
TS78,4528,185,14,0,71,270,5.96,4.09,0%-25%,0.31,0%-25%,0,0%-25%,1.57,0%-25%
DL78,4184,180,19,0,75,274,6.55,4.3,0%-25%,0.45,0%-25%,0,0%-25%,1.79,0%-25%
NE373,2015,57,2,0,24,83,4.12,2.83,0%-25%,0.1,0%-25%,0,0%-25%,1.19,0%-25%
DL42,2915,82,48,0,22,152,5.21,2.81,0%-25%,1.65,25%-50%,0,0%-25%,0.75,0%-25%
TS60,4438,128,37,0,41,206,4.64,2.88,0%-25%,0.83,0%-25%,0,0%-25%,0.92,0%-25%
YO16,1399,6,1,0,28,35,2.5,0.43,0%-25%,0.07,0%-25%,0,0%-25%,2,0%-25%
NE392,2250,59,2,0,40,101,4.49,2.62,0%-25%,0.09,0%-25%,0,0%-25%,1.78,0%-25%
YO177,2838,98,6,0,68,172,6.06,3.45,0%-25%,0.21,0%-25%,0,0%-25%,2.4,0%-25%
TS185,2715,124,28,0,76,228,8.4,4.57,25%-50%,1.03,0%-25%,0,0%-25%,2.8,25%-50%
TS148,2188,143,21,1,31,196,8.96,6.54,25%-50%,0.96,0%-25%,0.05,0%-25%,1.42,0%-25%
NE303,3923,139,25,0,55,219,5.58,3.54,0%-25%,0.64,0%-25%,0,0%-25%,1.4,0%-25%
YO323,3099,184,78,1,90,353,11.39,5.94,25%-50%,2.52,25%-50%,0.03,0%-25%,2.9,25%-50%
TD152,58,7,0,0,0,7,12.07,12.07,50%-75%,0,0%-25%,0,0%-25%,0,0%-25%
LS225,1914,89,69,0,165,323,16.88,4.65,25%-50%,3.61,50%-75%,0,0%-25%,8.62,75%-100%
LS225,1914,89,69,0,165,323,16.88,4.65,25%-50%,3.61,50%-75%,0,0%-25%,8.62,75%-100%
YO253,1141,68,22,0,18,108,9.47,5.96,25%-50%,1.93,25%-50%,0,0%-25%,1.58,0%-25%
TS253,2495,90,58,0,20,168,6.73,3.61,0%-25%,2.32,25%-50%,0,0%-25%,0.8,0%-25%
TS116,2068,83,2,0,21,106,5.13,4.01,0%-25%,0.1,0%-25%,0,0%-25%,1.02,0%-25%
BD38,3773,23,17,0,23,63,1.67,0.61,0%-25%,0.45,0%-25%,0,0%-25%,0.61,0%-25%
YO324,1252,51,13,0,36,100,7.99,4.07,0%-25%,1.04,0%-25%,0,0%-25%,2.88,25%-50%
LS224,1047,36,29,0,87,152,14.52,3.44,0%-25%,2.77,50%-75%,0,0%-25%,8.31,75%-100%
NE104,486,2,0,0,3,5,1.03,0.41,0%-25%,0,0%-25%,0,0%-25%,0.62,0%-25%
YO15,7,0,0,0,0,0,0,0,0%-25%,0,0%-25%,0,0%-25%,0,0%-25%
LS255,2291,107,79,0,98,284,12.4,4.67,25%-50%,3.45,50%-75%,0,0%-25%,4.28,25%-50%
WF20,5934,190,42,0,146,378,6.37,3.2,0%-25%,0.71,0%-25%,0,0%-25%,2.46,0%-25%
LS268,5509,213,26,0,248,487,8.84,3.87,0%-25%,0.47,0%-25%,0,0%-25%,4.5,25%-50%
YO259,3863,316,0,1,65,382,9.89,8.18,25%-50%,0,0%-25%,0.03,0%-25%,1.68,0%-25%
BD120,3233,72,17,0,36,125,3.87,2.23,0%-25%,0.53,0%-25%,0,0%-25%,1.11,0%-25%
DN396,1503,120,0,0,24,144,9.58,7.98,25%-50%,0,0%-25%,0,0%-25%,1.6,0%-25%
S80,5699,74,5,0,77,156,2.74,1.3,0%-25%,0.09,0%-25%,0,0%-25%,1.35,0%-25%
LS53,3915,54,7,0,3502,3563,91.01,1.38,0%-25%,0.18,0%-25%,0,0%-25%,89.45,75%-100%
WF177,4010,182,90,1,49,322,8.03,4.54,25%-50%,2.24,25%-50%,0.02,0%-25%,1.22,0%-25%
HD21,7327,257,6,0,155,418,5.7,3.51,0%-25%,0.08,0%-25%,0,0%-25%,2.12,0%-25%
S612,5693,220,145,0,43,408,7.17,3.86,0%-25%,2.55,25%-50%,0,0%-25%,0.76,0%-25%
DN311,2093,17,0,0,37,54,2.58,0.81,0%-25%,0,0%-25%,0,0%-25%,1.77,0%-25%
YO80,809,3,7,0,13,23,2.84,0.37,0%-25%,0.87,0%-25%,0,0%-25%,1.61,0%-25%
S254,2948,155,8,1,55,219,7.43,5.26,25%-50%,0.27,0%-25%,0.03,0%-25%,1.87,0%-25%
HU74,10171,489,130,1,137,757,7.44,4.81,25%-50%,1.28,0%-25%,0.01,0%-25%,1.35,0%-25%
HX40,831,48,3,0,14,65,7.82,5.78,25%-50%,0.36,0%-25%,0,0%-25%,1.68,0%-25%
BD229,2455,80,1,0,25,106,4.32,3.26,0%-25%,0.04,0%-25%,0,0%-25%,1.02,0%-25%
HU75,2265,89,40,0,30,159,7.02,3.93,0%-25%,1.77,25%-50%,0,0%-25%,1.32,0%-25%
LN130,601,47,0,0,6,53,8.82,7.82,25%-50%,0,0%-25%,0,0%-25%,1,0%-25%
S662,4145,200,42,1,62,305,7.36,4.83,25%-50%,1.01,0%-25%,0.02,0%-25%,1.5,0%-25%
LS196,3282,65,17,0,180,262,7.98,1.98,0%-25%,0.52,0%-25%,0,0%-25%,5.48,50%-75%
DN122,2655,187,31,2,21,241,9.08,7.04,25%-50%,1.17,0%-25%,0.08,25%-50%,0.79,0%-25%
HX36,3860,55,47,0,57,159,4.12,1.42,0%-25%,1.22,0%-25%,0,0%-25%,1.48,0%-25%
WF77,3377,121,39,0,55,215,6.37,3.58,0%-25%,1.15,0%-25%,0,0%-25%,1.63,0%-25%
WF83,2948,186,0,0,48,234,7.94,6.31,25%-50%,0,0%-25%,0,0%-25%,1.63,0%-25%
LS146,5776,79,8,0,182,269,4.66,1.37,0%-25%,0.14,0%-25%,0,0%-25%,3.15,25%-50%
BD22,2961,22,13,0,33,68,2.3,0.74,0%-25%,0.44,0%-25%,0,0%-25%,1.11,0%-25%
YO424,2248,197,27,1,51,276,12.28,8.76,50%-75%,1.2,0%-25%,0.04,0%-25%,2.27,0%-25%
BD61,4426,83,59,0,35,177,4,1.88,0%-25%,1.33,25%-50%,0,0%-25%,0.79,0%-25%
BD207,2457,76,2,0,55,133,5.41,3.09,0%-25%,0.08,0%-25%,0,0%-25%,2.24,0%-25%
OL145,3096,36,0,0,38,74,2.39,1.16,0%-25%,0,0%-25%,0,0%-25%,1.23,0%-25%
S123,2883,95,49,0,23,167,5.79,3.3,0%-25%,1.7,25%-50%,0,0%-25%,0.8,0%-25%
HU12,1480,15,8,0,33,56,3.78,1.01,0%-25%,0.54,0%-25%,0,0%-25%,2.23,0%-25%
S58,7064,112,50,0,40,202,2.86,1.59,0%-25%,0.71,0%-25%,0,0%-25%,0.57,0%-25%
BB96,36,0,0,0,0,0,0,0,0%-25%,0,0%-25%,0,0%-25%,0,0%-25%
HU177,4174,230,24,1,86,341,8.17,5.51,25%-50%,0.57,0%-25%,0.02,0%-25%,2.06,0%-25%
DN345,5441,237,9,0,28,274,5.04,4.36,25%-50%,0.17,0%-25%,0,0%-25%,0.51,0%-25%
LN118,3622,204,30,0,58,292,8.06,5.63,25%-50%,0.83,0%-25%,0,0%-25%,1.6,0%-25%
WF15,3593,57,21,0,53,131,3.65,1.59,0%-25%,0.58,0%-25%,0,0%-25%,1.48,0%-25%
HD75,5043,162,31,0,83,276,5.47,3.21,0%-25%,0.61,0%-25%,0,0%-25%,1.65,0%-25%
HD22,5525,243,2,0,120,365,6.61,4.4,25%-50%,0.04,0%-25%,0,0%-25%,2.17,0%-25%
DN145,4437,143,4,0,63,210,4.73,3.22,0%-25%,0.09,0%-25%,0,0%-25%,1.42,0%-25%
S64,6709,128,45,0,89,262,3.91,1.91,0%-25%,0.67,0%-25%,0,0%-25%,1.33,0%-25%
BD200,2895,102,0,0,66,168,5.8,3.52,0%-25%,0,0%-25%,0,0%-25%,2.28,0%-25%
BD208,2687,105,2,0,59,166,6.18,3.91,0%-25%,0.07,0%-25%,0,0%-25%,2.2,0%-25%
BD175,3389,113,26,0,77,216,6.37,3.33,0%-25%,0.77,0%-25%,0,0%-25%,2.27,0%-25%
DN215,3030,303,25,0,38,366,12.08,10,50%-75%,0.83,0%-25%,0,0%-25%,1.25,0%-25%
BD12,1078,6,17,0,60,83,7.7,0.56,0%-25%,1.58,25%-50%,0,0%-25%,5.57,50%-75%
WF105,5636,145,24,0,165,334,5.93,2.57,0%-25%,0.43,0%-25%,0,0%-25%,2.93,25%-50%
BD131,1996,66,15,0,36,117,5.86,3.31,0%-25%,0.75,0%-25%,0,0%-25%,1.8,0%-25%
HD89,4941,234,46,0,128,408,8.26,4.74,25%-50%,0.93,0%-25%,0,0%-25%,2.59,25%-50%
DN358,4410,65,48,0,28,141,3.2,1.47,0%-25%,1.09,0%-25%,0,0%-25%,0.63,0%-25%
S701,2233,38,5,0,14,57,2.55,1.7,0%-25%,0.22,0%-25%,0,0%-25%,0.63,0%-25%
S728,6075,285,179,2,62,528,8.69,4.69,25%-50%,2.95,50%-75%,0.03,0%-25%,1.02,0%-25%
YO152,4539,54,4,0,39,97,2.14,1.19,0%-25%,0.09,0%-25%,0,0%-25%,0.86,0%-25%
HD95,2084,119,0,0,55,174,8.35,5.71,25%-50%,0,0%-25%,0,0%-25%,2.64,25%-50%
HX50,3398,76,20,0,106,202,5.94,2.24,0%-25%,0.59,0%-25%,0,0%-25%,3.12,25%-50%
LS15,976,1,0,0,184,185,18.95,0.1,0%-25%,0,0%-25%,0,0%-25%,18.85,75%-100%
LS211,2778,66,28,0,193,287,10.33,2.38,0%-25%,1.01,0%-25%,0,0%-25%,6.95,50%-75%
WF128,3459,129,45,0,50,224,6.48,3.73,0%-25%,1.3,0%-25%,0,0%-25%,1.45,0%-25%
LS288,4177,68,20,0,226,314,7.52,1.63,0%-25%,0.48,0%-25%,0,0%-25%,5.41,50%-75%
HD16,1801,60,5,0,34,99,5.5,3.33,0%-25%,0.28,0%-25%,0,0%-25%,1.89,0%-25%
S738,4455,174,14,1,52,241,5.41,3.91,0%-25%,0.31,0%-25%,0.02,0%-25%,1.17,0%-25%
HU31,4065,38,4,0,33,75,1.85,0.93,0%-25%,0.1,0%-25%,0,0%-25%,0.81,0%-25%
LS184,4866,92,31,0,290,413,8.49,1.89,0%-25%,0.64,0%-25%,0,0%-25%,5.96,50%-75%
LS61,6062,31,11,0,281,323,5.33,0.51,0%-25%,0.18,0%-25%,0,0%-25%,4.64,25%-50%
BD23,3780,63,45,0,39,147,3.89,1.67,0%-25%,1.19,0%-25%,0,0%-25%,1.03,0%-25%
WF11,2196,7,0,0,21,28,1.28,0.32,0%-25%,0,0%-25%,0,0%-25%,0.96,0%-25%
HU11,1487,7,0,0,37,44,2.96,0.47,0%-25%,0,0%-25%,0,0%-25%,2.49,0%-25%
S262,3048,150,25,0,49,224,7.35,4.92,25%-50%,0.82,0%-25%,0,0%-25%,1.61,0%-25%
HU54,4273,87,4,0,20,111,2.6,2.04,0%-25%,0.09,0%-25%,0,0%-25%,0.47,0%-25%
LS73,4440,63,7,0,240,310,6.98,1.42,0%-25%,0.16,0%-25%,0,0%-25%,5.41,50%-75%
HD93,1967,85,0,0,48,133,6.76,4.32,0%-25%,0,0%-25%,0,0%-25%,2.44,0%-25%
LS62,4188,35,3,0,188,226,5.4,0.84,0%-25%,0.07,0%-25%,0,0%-25%,4.49,25%-50%
HD46,5389,112,125,0,59,296,5.49,2.08,0%-25%,2.32,25%-50%,0,0%-25%,1.09,0%-25%
LS170,596,67,5,0,26,98,16.44,11.24,50%-75%,0.84,0%-25%,0,0%-25%,4.36,25%-50%
BD95,3231,45,13,0,40,98,3.03,1.39,0%-25%,0.4,0%-25%,0,0%-25%,1.24,0%-25%
HU76,1940,156,0,0,27,183,9.43,8.04,25%-50%,0,0%-25%,0,0%-25%,1.39,0%-25%
LS83,3886,40,9,0,177,226,5.82,1.03,0%-25%,0.23,0%-25%,0,0%-25%,4.55,25%-50%
LS96,5635,55,69,0,324,448,7.95,0.98,0%-25%,1.22,0%-25%,0,0%-25%,5.75,50%-75%
DN59,4837,271,92,2,64,429,8.87,5.6,25%-50%,1.9,25%-50%,0.04,0%-25%,1.32,0%-25%
S91,5750,178,61,0,146,385,6.7,3.1,0%-25%,1.06,0%-25%,0,0%-25%,2.54,25%-50%
WF13,3763,113,71,0,60,244,6.48,3,0%-25%,1.89,25%-50%,0,0%-25%,1.59,0%-25%
YO23,27,0,0,0,0,0,0,0,0%-25%,0,0%-25%,0,0%-25%,0,0%-25%
HU107,4255,148,5,0,77,230,5.41,3.48,0%-25%,0.12,0%-25%,0,0%-25%,1.81,0%-25%
BD163,2554,85,2,0,46,133,5.21,3.33,0%-25%,0.08,0%-25%,0,0%-25%,1.8,0%-25%
BD182,4027,45,73,0,50,168,4.17,1.12,0%-25%,1.81,25%-50%,0,0%-25%,1.24,0%-25%
S818,2041,202,41,1,29,273,13.38,9.9,50%-75%,2.01,25%-50%,0.05,0%-25%,1.42,0%-25%
S255,1170,112,33,1,22,168,14.36,9.57,50%-75%,2.82,50%-75%,0.09,25%-50%,1.88,0%-25%
YO167,4932,158,14,0,38,210,4.26,3.2,0%-25%,0.28,0%-25%,0,0%-25%,0.77,0%-25%
WF42,3168,151,35,1,61,248,7.83,4.77,25%-50%,1.1,0%-25%,0.03,0%-25%,1.93,0%-25%
S714,4802,239,161,1,67,468,9.75,4.98,25%-50%,3.35,50%-75%,0.02,0%-25%,1.4,0%-25%
BD129,2971,70,26,0,35,131,4.41,2.36,0%-25%,0.88,0%-25%,0,0%-25%,1.18,0%-25%
DN162,5367,226,7,1,56,290,5.4,4.21,0%-25%,0.13,0%-25%,0.02,0%-25%,1.04,0%-25%
BD236,1932,105,0,0,30,135,6.99,5.43,25%-50%,0,0%-25%,0,0%-25%,1.55,0%-25%
BD236,1932,105,0,0,30,135,6.99,5.43,25%-50%,0,0%-25%,0,0%-25%,1.55,0%-25%
LS71,2488,38,0,0,128,166,6.67,1.53,0%-25%,0,0%-25%,0,0%-25%,5.14,50%-75%
HX12,2731,44,1,0,32,77,2.82,1.61,0%-25%,0.04,0%-25%,0,0%-25%,1.17,0%-25%
LS42,3939,45,30,0,194,269,6.83,1.14,0%-25%,0.76,0%-25%,0,0%-25%,4.93,25%-50%
YO434,2572,170,13,1,56,240,9.33,6.61,25%-50%,0.51,0%-25%,0.04,0%-25%,2.18,0%-25%
DN161,4263,279,7,2,43,331,7.76,6.54,25%-50%,0.16,0%-25%,0.05,0%-25%,1.01,0%-25%
LS123,4723,87,5,0,842,934,19.78,1.84,0%-25%,0.11,0%-25%,0,0%-25%,17.83,75%-100%
HD92,2308,103,45,0,57,205,8.88,4.46,25%-50%,1.95,25%-50%,0,0%-25%,2.47,0%-25%
LS102,2363,66,5,0,111,182,7.7,2.79,0%-25%,0.21,0%-25%,0,0%-25%,4.7,25%-50%
S654,3974,185,45,1,31,262,6.59,4.66,25%-50%,1.13,0%-25%,0.03,0%-25%,0.78,0%-25%
S819,3791,425,31,4,67,527,13.9,11.21,50%-75%,0.82,0%-25%,0.11,25%-50%,1.77,0%-25%
S740,3642,214,13,1,41,269,7.39,5.88,25%-50%,0.36,0%-25%,0.03,0%-25%,1.13,0%-25%
LS249,4310,198,16,0,113,327,7.59,4.59,25%-50%,0.37,0%-25%,0,0%-25%,2.62,25%-50%
DN149,2815,265,46,1,39,351,12.47,9.41,50%-75%,1.63,25%-50%,0.04,0%-25%,1.39,0%-25%
S362,2990,125,2,0,66,193,6.45,4.18,0%-25%,0.07,0%-25%,0,0%-25%,2.21,0%-25%
BD161,4360,127,32,0,81,240,5.5,2.91,0%-25%,0.73,0%-25%,0,0%-25%,1.86,0%-25%
LS237,817,20,7,0,51,78,9.55,2.45,0%-25%,0.86,0%-25%,0,0%-25%,6.24,50%-75%
BD220,2336,123,0,0,22,145,6.21,5.27,25%-50%,0,0%-25%,0,0%-25%,0.94,0%-25%
LS125,4915,136,15,0,910,1061,21.59,2.77,0%-25%,0.31,0%-25%,0,0%-25%,18.51,75%-100%
HX38,3672,107,55,0,57,219,5.96,2.91,0%-25%,1.5,25%-50%,0,0%-25%,1.55,0%-25%
HD62,3656,81,43,0,65,189,5.17,2.22,0%-25%,1.18,0%-25%,0,0%-25%,1.78,0%-25%
LS298,4597,115,48,0,161,324,7.05,2.5,0%-25%,1.04,0%-25%,0,0%-25%,3.5,25%-50%
WF33,3841,150,98,0,119,367,9.55,3.91,0%-25%,2.55,25%-50%,0,0%-25%,3.1,25%-50%
LS82,5410,96,5,0,246,347,6.41,1.77,0%-25%,0.09,0%-25%,0,0%-25%,4.55,25%-50%
WF82,6599,296,11,1,118,426,6.46,4.49,25%-50%,0.17,0%-25%,0.02,0%-25%,1.79,0%-25%
S336,561,34,0,0,20,54,9.63,6.06,25%-50%,0,0%-25%,0,0%-25%,3.57,25%-50%
LS132,5436,158,65,0,152,375,6.9,2.91,0%-25%,1.2,0%-25%,0,0%-25%,2.8,25%-50%
S138,5254,106,92,0,41,239,4.55,2.02,0%-25%,1.75,25%-50%,0,0%-25%,0.78,0%-25%
S753,3771,287,82,2,78,449,11.91,7.61,25%-50%,2.17,25%-50%,0.05,0%-25%,2.07,0%-25%
DN158,5977,485,87,3,74,649,10.86,8.11,25%-50%,1.46,25%-50%,0.05,0%-25%,1.24,0%-25%
S605,6861,395,76,2,113,586,8.54,5.76,25%-50%,1.11,0%-25%,0.03,0%-25%,1.65,0%-25%
HX15,2221,11,33,0,25,69,3.11,0.5,0%-25%,1.49,25%-50%,0,0%-25%,1.13,0%-25%
YO267,1024,8,0,0,57,65,6.35,0.78,0%-25%,0,0%-25%,0,0%-25%,5.57,50%-75%
HU181,4582,197,22,0,59,278,6.07,4.3,0%-25%,0.48,0%-25%,0,0%-25%,1.29,0%-25%
HU67,5421,141,27,0,31,199,3.67,2.6,0%-25%,0.5,0%-25%,0,0%-25%,0.57,0%-25%
DN344,4321,144,5,1,19,169,3.91,3.33,0%-25%,0.12,0%-25%,0.02,0%-25%,0.44,0%-25%
LS248,1589,75,13,0,45,133,8.37,4.72,25%-50%,0.82,0%-25%,0,0%-25%,2.83,25%-50%
LS248,1589,75,13,0,45,133,8.37,4.72,25%-50%,0.82,0%-25%,0,0%-25%,2.83,25%-50%
LS158,5105,94,6,0,214,314,6.15,1.84,0%-25%,0.12,0%-25%,0,0%-25%,4.19,25%-50%
S729,1971,117,3,0,20,140,7.1,5.94,25%-50%,0.15,0%-25%,0,0%-25%,1.01,0%-25%
BD58,3222,67,37,0,27,131,4.07,2.08,0%-25%,1.15,0%-25%,0,0%-25%,0.84,0%-25%
S661,2744,154,43,1,41,239,8.71,5.61,25%-50%,1.57,25%-50%,0.04,0%-25%,1.49,0%-25%
DN377,1647,86,0,0,29,115,6.98,5.22,25%-50%,0,0%-25%,0,0%-25%,1.76,0%-25%
DN379,4391,431,0,2,82,515,11.73,9.82,50%-75%,0,0%-25%,0.05,0%-25%,1.87,0%-25%
WF131,1362,10,13,0,7,30,2.2,0.73,0%-25%,0.95,0%-25%,0,0%-25%,0.51,0%-25%
LS208,3181,96,9,0,195,300,9.43,3.02,0%-25%,0.28,0%-25%,0,0%-25%,6.13,50%-75%
WF148,2151,61,48,0,41,150,6.97,2.84,0%-25%,2.23,25%-50%,0,0%-25%,1.91,0%-25%
S337,166,2,0,0,4,6,3.61,1.2,0%-25%,0,0%-25%,0,0%-25%,2.41,0%-25%
WF91,3116,207,8,2,28,245,7.86,6.64,25%-50%,0.26,0%-25%,0.06,25%-50%,0.9,0%-25%
YO89,5685,30,20,0,113,163,2.87,0.53,0%-25%,0.35,0%-25%,0,0%-25%,1.99,0%-25%
S357,1647,101,2,0,163,266,16.15,6.13,25%-50%,0.12,0%-25%,0,0%-25%,9.9,75%-100%
LS131,3575,87,4,0,100,191,5.34,2.43,0%-25%,0.11,0%-25%,0,0%-25%,2.8,25%-50%
YO421,1099,90,6,0,18,114,10.37,8.19,25%-50%,0.55,0%-25%,0,0%-25%,1.64,0%-25%
HU68,4358,53,77,0,23,153,3.51,1.22,0%-25%,1.77,25%-50%,0,0%-25%,0.53,0%-25%
HU92,3212,61,6,0,24,91,2.83,1.9,0%-25%,0.19,0%-25%,0,0%-25%,0.75,0%-25%
BD47,2379,33,16,0,44,93,3.91,1.39,0%-25%,0.67,0%-25%,0,0%-25%,1.85,0%-25%
BD135,1437,44,11,0,27,82,5.71,3.06,0%-25%,0.77,0%-25%,0,0%-25%,1.88,0%-25%
S704,3831,122,109,1,30,262,6.84,3.18,0%-25%,2.85,50%-75%,0.03,0%-25%,0.78,0%-25%
HD97,1903,104,0,0,51,155,8.15,5.47,25%-50%,0,0%-25%,0,0%-25%,2.68,25%-50%
S363,134,23,3,0,1,27,20.15,17.16,75%-100%,2.24,25%-50%,0,0%-25%,0.75,0%-25%
BB185,3764,71,0,0,41,112,2.98,1.89,0%-25%,0,0%-25%,0,0%-25%,1.09,0%-25%
S350,3068,112,27,0,323,462,15.06,3.65,0%-25%,0.88,0%-25%,0,0%-25%,10.53,75%-100%
LS98,3624,38,0,0,199,237,6.54,1.05,0%-25%,0,0%-25%,0,0%-25%,5.49,50%-75%
HD50,2482,89,109,0,25,223,8.98,3.59,0%-25%,4.39,75%-100%,0,0%-25%,1.01,0%-25%
HX76,996,22,5,0,19,46,4.62,2.21,0%-25%,0.5,0%-25%,0,0%-25%,1.91,0%-25%
HU80,3420,131,3,0,25,159,4.65,3.83,0%-25%,0.09,0%-25%,0,0%-25%,0.73,0%-25%
LS117,2988,29,29,0,186,244,8.17,0.97,0%-25%,0.97,0%-25%,0,0%-25%,6.22,50%-75%
YO85,2786,14,9,0,54,77,2.76,0.5,0%-25%,0.32,0%-25%,0,0%-25%,1.94,0%-25%
S183,871,25,13,0,19,57,6.54,2.87,0%-25%,1.49,25%-50%,0,0%-25%,2.18,0%-25%
S304,28,2,0,0,0,2,7.14,7.14,25%-50%,0,0%-25%,0,0%-25%,0,0%-25%
HU139,3045,59,49,0,100,208,6.83,1.94,0%-25%,1.61,25%-50%,0,0%-25%,3.28,25%-50%
S57,5832,73,10,0,35,118,2.02,1.25,0%-25%,0.17,0%-25%,0,0%-25%,0.6,0%-25%
S56,5158,71,25,0,27,123,2.38,1.38,0%-25%,0.48,0%-25%,0,0%-25%,0.52,0%-25%
DN84,4578,253,33,2,591,879,19.2,5.53,25%-50%,0.72,0%-25%,0.04,0%-25%,12.91,75%-100%
WF26,3609,178,41,0,88,307,8.51,4.93,25%-50%,1.14,0%-25%,0,0%-25%,2.44,0%-25%
WF110,2905,128,15,0,38,181,6.23,4.41,25%-50%,0.52,0%-25%,0,0%-25%,1.31,0%-25%
WF167,222,1,3,0,2,6,2.7,0.45,0%-25%,1.35,25%-50%,0,0%-25%,0.9,0%-25%
DN118,3809,330,59,3,65,457,12,8.66,25%-50%,1.55,25%-50%,0.08,25%-50%,1.71,0%-25%
S61,5286,103,43,0,67,213,4.03,1.95,0%-25%,0.81,0%-25%,0,0%-25%,1.27,0%-25%
LS126,1058,7,18,0,152,177,16.73,0.66,0%-25%,1.7,25%-50%,0,0%-25%,14.37,75%-100%
BD63,6048,191,74,0,48,313,5.18,3.16,0%-25%,1.22,0%-25%,0,0%-25%,0.79,0%-25%
DN212,3778,70,10,0,54,134,3.55,1.85,0%-25%,0.26,0%-25%,0,0%-25%,1.43,0%-25%
BD164,3551,71,35,0,70,176,4.96,2,0%-25%,0.99,0%-25%,0,0%-25%,1.97,0%-25%
LS72,4302,79,50,0,233,362,8.41,1.84,0%-25%,1.16,0%-25%,0,0%-25%,5.42,50%-75%
S207,2133,110,69,1,28,208,9.75,5.16,25%-50%,3.23,50%-75%,0.05,0%-25%,1.31,0%-25%
S252,4064,252,30,2,76,360,8.86,6.2,25%-50%,0.74,0%-25%,0.05,0%-25%,1.87,0%-25%
S23,4603,80,27,0,34,141,3.06,1.74,0%-25%,0.59,0%-25%,0,0%-25%,0.74,0%-25%
S361,3357,126,46,0,75,247,7.36,3.75,0%-25%,1.37,25%-50%,0,0%-25%,2.23,0%-25%
LS118,4805,69,11,0,283,363,7.55,1.44,0%-25%,0.23,0%-25%,0,0%-25%,5.89,50%-75%
WF158,2379,116,59,0,35,210,8.83,4.88,25%-50%,2.48,25%-50%,0,0%-25%,1.47,0%-25%
BD212,2689,42,26,0,32,100,3.72,1.56,0%-25%,0.97,0%-25%,0,0%-25%,1.19,0%-25%
S369,1443,78,12,0,28,118,8.18,5.41,25%-50%,0.83,0%-25%,0,0%-25%,1.94,0%-25%
S50,4613,47,6,0,23,76,1.65,1.02,0%-25%,0.13,0%-25%,0,0%-25%,0.5,0%-25%
LN119,3278,110,3,0,50,163,4.97,3.36,0%-25%,0.09,0%-25%,0,0%-25%,1.53,0%-25%
LN86,1291,102,4,0,22,128,9.91,7.9,25%-50%,0.31,0%-25%,0,0%-25%,1.7,0%-25%
YO151,2268,128,1,0,19,148,6.53,5.64,25%-50%,0.04,0%-25%,0,0%-25%,0.84,0%-25%
DN328,3797,85,3,0,33,121,3.19,2.24,0%-25%,0.08,0%-25%,0,0%-25%,0.87,0%-25%
LN386,219,0,3,0,0,3,1.37,0,0%-25%,1.37,25%-50%,0,0%-25%,0,0%-25%
BD96,3138,48,54,0,43,145,4.62,1.53,0%-25%,1.72,25%-50%,0,0%-25%,1.37,0%-25%
BD89,2833,18,16,0,22,56,1.98,0.64,0%-25%,0.56,0%-25%,0,0%-25%,0.78,0%-25%
S604,3297,126,18,0,54,198,6.01,3.82,0%-25%,0.55,0%-25%,0,0%-25%,1.64,0%-25%
WF58,2952,132,44,0,49,225,7.62,4.47,25%-50%,1.49,25%-50%,0,0%-25%,1.66,0%-25%
S368,862,74,25,0,17,116,13.46,8.58,25%-50%,2.9,50%-75%,0,0%-25%,1.97,0%-25%
LS143,1422,50,8,0,41,99,6.96,3.52,0%-25%,0.56,0%-25%,0,0%-25%,2.88,25%-50%
HX29,3760,191,90,0,48,329,8.75,5.08,25%-50%,2.39,25%-50%,0,0%-25%,1.28,0%-25%
LS175,3195,48,61,0,156,265,8.29,1.5,0%-25%,1.91,25%-50%,0,0%-25%,4.88,25%-50%
S358,1715,51,21,0,185,257,14.99,2.97,0%-25%,1.22,0%-25%,0,0%-25%,10.79,75%-100%
YO255,3628,177,58,1,78,314,8.65,4.88,25%-50%,1.6,25%-50%,0.03,0%-25%,2.15,0%-25%
WF178,3861,106,80,0,46,232,6.01,2.75,0%-25%,2.07,25%-50%,0,0%-25%,1.19,0%-25%
S261,774,62,6,0,10,78,10.08,8.01,25%-50%,0.78,0%-25%,0,0%-25%,1.29,0%-25%
S37,3507,18,43,0,37,98,2.79,0.51,0%-25%,1.23,0%-25%,0,0%-25%,1.06,0%-25%
S366,3600,158,46,0,80,284,7.89,4.39,25%-50%,1.28,0%-25%,0,0%-25%,2.22,0%-25%
WF156,2621,89,23,0,38,150,5.72,3.4,0%-25%,0.88,0%-25%,0,0%-25%,1.45,0%-25%
DN124,2245,168,51,1,17,237,10.56,7.48,25%-50%,2.27,25%-50%,0.04,0%-25%,0.76,0%-25%
BB74,10,0,0,0,0,0,0,0,0%-25%,0,0%-25%,0,0%-25%,0,0%-25%
WF134,3689,105,114,0,28,247,6.7,2.85,0%-25%,3.09,50%-75%,0,0%-25%,0.76,0%-25%
BD193,2605,41,27,0,49,117,4.49,1.57,0%-25%,1.04,0%-25%,0,0%-25%,1.88,0%-25%
LS287,4462,100,30,0,236,366,8.2,2.24,0%-25%,0.67,0%-25%,0,0%-25%,5.29,50%-75%
LS226,3175,78,16,0,279,373,11.75,2.46,0%-25%,0.5,0%-25%,0,0%-25%,8.79,75%-100%
DN156,2735,52,60,0,25,137,5.01,1.9,0%-25%,2.19,25%-50%,0,0%-25%,0.91,0%-25%
BD49,3215,112,80,0,66,258,8.02,3.48,0%-25%,2.49,25%-50%,0,0%-25%,2.05,0%-25%
S253,1225,45,6,0,21,72,5.88,3.67,0%-25%,0.49,0%-25%,0,0%-25%,1.71,0%-25%
S118,6357,64,68,0,163,295,4.64,1.01,0%-25%,1.07,0%-25%,0,0%-25%,2.56,25%-50%
S603,3150,126,51,0,51,228,7.24,4,0%-25%,1.62,25%-50%,0,0%-25%,1.62,0%-25%
S181,2631,110,39,0,53,202,7.68,4.18,0%-25%,1.48,25%-50%,0,0%-25%,2.01,0%-25%
S359,1963,78,28,0,194,300,15.28,3.97,0%-25%,1.43,25%-50%,0,0%-25%,9.88,75%-100%
LS150,3635,64,7,0,157,228,6.27,1.76,0%-25%,0.19,0%-25%,0,0%-25%,4.32,25%-50%
WF95,2440,121,46,1,19,187,7.66,4.96,25%-50%,1.89,25%-50%,0.04,0%-25%,0.78,0%-25%
DN332,2232,69,0,0,23,92,4.12,3.09,0%-25%,0,0%-25%,0,0%-25%,1.03,0%-25%
HU88,3858,57,7,0,26,90,2.33,1.48,0%-25%,0.18,0%-25%,0,0%-25%,0.67,0%-25%
S59,4822,63,7,0,28,98,2.03,1.31,0%-25%,0.15,0%-25%,0,0%-25%,0.58,0%-25%
LS11,33,0,0,0,1,1,3.03,0,0%-25%,0,0%-25%,0,0%-25%,3.03,25%-50%
BD127,1042,31,6,0,10,47,4.51,2.98,0%-25%,0.58,0%-25%,0,0%-25%,0.96,0%-25%
HU203,433,58,3,1,13,75,17.32,13.39,75%-100%,0.69,0%-25%,0.23,75%-100%,3,25%-50%
HU34,1265,14,8,0,5,27,2.13,1.11,0%-25%,0.63,0%-25%,0,0%-25%,0.4,0%-25%
LS142,2107,69,20,0,66,155,7.36,3.27,0%-25%,0.95,0%-25%,0,0%-25%,3.13,25%-50%
S317,45,5,0,0,0,5,11.11,11.11,50%-75%,0,0%-25%,0,0%-25%,0,0%-25%
HU60,273,11,4,0,1,16,5.86,4.03,0%-25%,1.47,25%-50%,0,0%-25%,0.37,0%-25%
S302,37,6,0,0,0,6,16.22,16.22,75%-100%,0,0%-25%,0,0%-25%,0,0%-25%
HU35,1454,63,2,1,12,78,5.36,4.33,0%-25%,0.14,0%-25%,0.07,25%-50%,0.83,0%-25%
S310,308,8,0,0,0,8,2.6,2.6,0%-25%,0,0%-25%,0,0%-25%,0,0%-25%
HD71,405,13,4,0,5,22,5.43,3.21,0%-25%,0.99,0%-25%,0,0%-25%,1.23,0%-25%
BB87,9,0,0,0,0,0,0,0,0%-25%,0,0%-25%,0,0%-25%,0,0%-25%
DN364,5239,258,0,0,123,381,7.27,4.92,25%-50%,0,0%-25%,0,0%-25%,2.35,0%-25%
S321,13,0,0,0,0,0,0,0,0%-25%,0,0%-25%,0,0%-25%,0,0%-25%
BD13,1063,3,8,0,51,62,5.83,0.28,0%-25%,0.75,0%-25%,0,0%-25%,4.8,25%-50%
S13,212,4,5,0,2,11,5.19,1.89,0%-25%,2.36,25%-50%,0,0%-25%,0.94,0%-25%
LS18,128,0,1,0,12,13,10.16,0,0%-25%,0.78,0%-25%,0,0%-25%,9.38,75%-100%
S208,942,44,19,0,14,77,8.17,4.67,25%-50%,2.02,25%-50%,0,0%-25%,1.49,0%-25%
S312,169,1,2,0,0,3,1.78,0.59,0%-25%,1.18,0%-25%,0,0%-25%,0,0%-25%
HD11,787,1,0,0,5,6,0.76,0.13,0%-25%,0,0%-25%,0,0%-25%,0.64,0%-25%
S257,6,1,0,0,0,1,16.67,16.67,75%-100%,0,0%-25%,0,0%-25%,0,0%-25%
LS194,6,0,0,0,0,0,0,0,0%-25%,0,0%-25%,0,0%-25%,0,0%-25%
YO211,3832,122,62,0,40,224,5.85,3.18,0%-25%,1.62,25%-50%,0,0%-25%,1.04,0%-25%
DH15,6484,284,119,1,164,568,8.76,4.38,25%-50%,1.84,25%-50%,0.02,0%-25%,2.53,25%-50%
NE612,4134,158,9,0,126,293,7.09,3.82,0%-25%,0.22,0%-25%,0,0%-25%,3.05,25%-50%
HG58,2689,113,0,0,84,197,7.33,4.2,0%-25%,0,0%-25%,0,0%-25%,3.12,25%-50%
HG58,2689,113,0,0,84,197,7.33,4.2,0%-25%,0,0%-25%,0,0%-25%,3.12,25%-50%
NE83,3443,26,18,0,40,84,2.44,0.76,0%-25%,0.52,0%-25%,0,0%-25%,1.16,0%-25%
YO319,2950,120,88,0,42,250,8.47,4.07,0%-25%,2.98,50%-75%,0,0%-25%,1.42,0%-25%
DL135,1750,108,1,0,22,131,7.49,6.17,25%-50%,0.06,0%-25%,0,0%-25%,1.26,0%-25%
YO111,3790,35,3,0,33,71,1.87,0.92,0%-25%,0.08,0%-25%,0,0%-25%,0.87,0%-25%
YO232,1803,101,46,0,39,186,10.32,5.6,25%-50%,2.55,25%-50%,0,0%-25%,2.16,0%-25%
YO232,1803,101,46,0,39,186,10.32,5.6,25%-50%,2.55,25%-50%,0,0%-25%,2.16,0%-25%
YO233,2631,197,56,1,62,316,12.01,7.49,25%-50%,2.13,25%-50%,0.04,0%-25%,2.36,0%-25%
TS57,3641,63,26,0,27,116,3.19,1.73,0%-25%,0.71,0%-25%,0,0%-25%,0.74,0%-25%
YO243,4693,280,97,3,65,445,9.48,5.97,25%-50%,2.07,25%-50%,0.06,25%-50%,1.39,0%-25%
DH79,4476,202,55,1,61,319,7.13,4.51,25%-50%,1.23,0%-25%,0.02,0%-25%,1.36,0%-25%
DL148,3819,128,6,0,40,174,4.56,3.35,0%-25%,0.16,0%-25%,0,0%-25%,1.05,0%-25%
NE214,3159,51,6,0,43,100,3.17,1.61,0%-25%,0.19,0%-25%,0,0%-25%,1.36,0%-25%
DL41,2448,76,80,0,18,174,7.11,3.1,0%-25%,3.27,50%-75%,0,0%-25%,0.74,0%-25%
DH12,4165,168,69,0,108,345,8.28,4.03,0%-25%,1.66,25%-50%,0,0%-25%,2.59,25%-50%
DL84,2032,117,27,0,25,169,8.32,5.76,25%-50%,1.33,25%-50%,0,0%-25%,1.23,0%-25%
DL84,2032,117,27,0,25,169,8.32,5.76,25%-50%,1.33,25%-50%,0,0%-25%,1.23,0%-25%
NE323,2915,41,4,0,22,67,2.3,1.41,0%-25%,0.14,0%-25%,0,0%-25%,0.75,0%-25%
NE13,886,2,0,0,27,29,3.27,0.23,0%-25%,0,0%-25%,0,0%-25%,3.05,25%-50%
DL79,2141,149,41,0,37,227,10.6,6.96,25%-50%,1.91,25%-50%,0,0%-25%,1.73,0%-25%
DH80,3143,76,32,0,42,150,4.77,2.42,0%-25%,1.02,0%-25%,0,0%-25%,1.34,0%-25%
DH50,3268,206,4,1,34,245,7.5,6.3,25%-50%,0.12,0%-25%,0.03,0%-25%,1.04,0%-25%
NE138,457,19,1,0,14,34,7.44,4.16,0%-25%,0.22,0%-25%,0,0%-25%,3.06,25%-50%
NE32,6325,241,91,0,123,455,7.19,3.81,0%-25%,1.44,25%-50%,0,0%-25%,1.94,0%-25%
TS96,2651,145,4,1,63,213,8.03,5.47,25%-50%,0.15,0%-25%,0.04,0%-25%,2.38,0%-25%
TS160,3153,145,7,0,56,208,6.6,4.6,25%-50%,0.22,0%-25%,0,0%-25%,1.78,0%-25%
DL93,1688,91,29,0,17,137,8.12,5.39,25%-50%,1.72,25%-50%,0,0%-25%,1.01,0%-25%
NE47,1915,30,2,0,17,49,2.56,1.57,0%-25%,0.1,0%-25%,0,0%-25%,0.89,0%-25%
NE371,4353,313,8,2,49,372,8.55,7.19,25%-50%,0.18,0%-25%,0.05,0%-25%,1.13,0%-25%
YO519,2860,141,26,0,110,277,9.69,4.93,25%-50%,0.91,0%-25%,0,0%-25%,3.85,25%-50%
YO611,2431,199,1,0,73,273,11.23,8.19,25%-50%,0.04,0%-25%,0,0%-25%,3,25%-50%
SR52,3430,142,2,0,48,192,5.6,4.14,0%-25%,0.06,0%-25%,0,0%-25%,1.4,0%-25%
SR29,3967,127,67,0,41,235,5.92,3.2,0%-25%,1.69,25%-50%,0,0%-25%,1.03,0%-25%
SR20,4008,145,42,0,43,230,5.74,3.62,0%-25%,1.05,0%-25%,0,0%-25%,1.07,0%-25%
DL23,2212,140,60,0,62,262,11.84,6.33,25%-50%,2.71,50%-75%,0,0%-25%,2.8,25%-50%
DL132,1791,94,0,0,20,114,6.37,5.25,25%-50%,0,0%-25%,0,0%-25%,1.12,0%-25%
YO187,3391,146,78,0,58,282,8.32,4.31,0%-25%,2.3,25%-50%,0,0%-25%,1.71,0%-25%
NE611,2455,52,4,0,62,118,4.81,2.12,0%-25%,0.16,0%-25%,0,0%-25%,2.53,25%-50%
TS240,3860,82,153,0,27,262,6.79,2.12,0%-25%,3.96,75%-100%,0,0%-25%,0.7,0%-25%
YO104,3141,100,8,0,45,153,4.87,3.18,0%-25%,0.25,0%-25%,0,0%-25%,1.43,0%-25%
HG28,3483,99,89,0,146,334,9.59,2.84,0%-25%,2.56,25%-50%,0,0%-25%,4.19,25%-50%
NE663,2591,155,35,0,49,239,9.22,5.98,25%-50%,1.35,25%-50%,0,0%-25%,1.89,0%-25%
NE77,6233,134,121,0,119,374,6,2.15,0%-25%,1.94,25%-50%,0,0%-25%,1.91,0%-25%
NE243,5269,281,93,1,69,444,8.43,5.33,25%-50%,1.77,25%-50%,0.02,0%-25%,1.31,0%-25%
NE665,256,8,0,0,2,10,3.91,3.13,0%-25%,0,0%-25%,0,0%-25%,0.78,0%-25%
YO624,1328,87,13,0,23,123,9.26,6.55,25%-50%,0.98,0%-25%,0,0%-25%,1.73,0%-25%
YO139,2584,131,40,0,58,229,8.86,5.07,25%-50%,1.55,25%-50%,0,0%-25%,2.24,0%-25%
NE614,596,42,4,0,6,52,8.72,7.05,25%-50%,0.67,0%-25%,0,0%-25%,1.01,0%-25%
NE287,4622,119,6,0,53,178,3.85,2.57,0%-25%,0.13,0%-25%,0,0%-25%,1.15,0%-25%
DH97,4679,119,56,0,44,219,4.68,2.54,0%-25%,1.2,0%-25%,0,0%-25%,0.94,0%-25%
NE675,1161,34,0,0,5,39,3.36,2.93,0%-25%,0,0%-25%,0,0%-25%,0.43,0%-25%
YO626,2539,144,45,0,53,242,9.53,5.67,25%-50%,1.77,25%-50%,0,0%-25%,2.09,0%-25%
TS67,2093,41,28,0,19,88,4.2,1.96,0%-25%,1.34,25%-50%,0,0%-25%,0.91,0%-25%
NE286,2834,38,2,0,30,70,2.47,1.34,0%-25%,0.07,0%-25%,0,0%-25%,1.06,0%-25%
DL107,3020,177,4,0,53,234,7.75,5.86,25%-50%,0.13,0%-25%,0,0%-25%,1.75,0%-25%
TS248,3220,75,19,0,22,116,3.6,2.33,0%-25%,0.59,0%-25%,0,0%-25%,0.68,0%-25%
NE325,4529,66,80,0,37,183,4.04,1.46,0%-25%,1.77,25%-50%,0,0%-25%,0.82,0%-25%
SR27,4521,54,62,0,48,164,3.63,1.19,0%-25%,1.37,25%-50%,0,0%-25%,1.06,0%-25%
NE638,4129,185,64,1,41,291,7.05,4.48,25%-50%,1.55,25%-50%,0.02,0%-25%,0.99,0%-25%
YO311,2547,81,38,0,37,156,6.12,3.18,0%-25%,1.49,25%-50%,0,0%-25%,1.45,0%-25%
DH33,3751,77,29,0,58,164,4.37,2.05,0%-25%,0.77,0%-25%,0,0%-25%,1.55,0%-25%
NE245,4792,362,149,3,63,577,12.04,7.55,25%-50%,3.11,50%-75%,0.06,25%-50%,1.31,0%-25%
NE250,4572,371,9,2,79,461,10.08,8.11,25%-50%,0.2,0%-25%,0.04,0%-25%,1.73,0%-25%
SR28,3020,91,30,0,33,154,5.1,3.01,0%-25%,0.99,0%-25%,0,0%-25%,1.09,0%-25%
NE119,6614,113,9,0,123,245,3.7,1.71,0%-25%,0.14,0%-25%,0,0%-25%,1.86,0%-25%
DH62,4603,168,158,0,57,383,8.32,3.65,0%-25%,3.43,50%-75%,0,0%-25%,1.24,0%-25%
NE231,2110,100,5,1,29,135,6.4,4.74,25%-50%,0.24,0%-25%,0.05,0%-25%,1.37,0%-25%
DL149,4180,130,7,0,41,178,4.26,3.11,0%-25%,0.17,0%-25%,0,0%-25%,0.98,0%-25%
SR55,4003,296,8,2,58,364,9.09,7.39,25%-50%,0.2,0%-25%,0.05,0%-25%,1.45,0%-25%
HG27,4482,109,65,0,197,371,8.28,2.43,0%-25%,1.45,25%-50%,0,0%-25%,4.4,25%-50%
DH96,4821,245,69,1,46,361,7.49,5.08,25%-50%,1.43,25%-50%,0.02,0%-25%,0.95,0%-25%
DL56,2221,138,7,1,29,175,7.88,6.21,25%-50%,0.32,0%-25%,0.05,0%-25%,1.31,0%-25%
NE455,2064,72,12,0,65,149,7.22,3.49,0%-25%,0.58,0%-25%,0,0%-25%,3.15,25%-50%
NE290,3579,47,7,0,49,103,2.88,1.31,0%-25%,0.2,0%-25%,0,0%-25%,1.37,0%-25%
HG13,2964,71,16,0,51,138,4.66,2.4,0%-25%,0.54,0%-25%,0,0%-25%,1.72,0%-25%
NE242,2896,102,107,0,38,247,8.53,3.52,0%-25%,3.69,50%-75%,0,0%-25%,1.31,0%-25%
DL131,948,35,2,0,9,46,4.85,3.69,0%-25%,0.21,0%-25%,0,0%-25%,0.95,0%-25%
SR31,5420,169,98,0,50,317,5.85,3.12,0%-25%,1.81,25%-50%,0,0%-25%,0.92,0%-25%
NE297,3809,138,9,1,52,200,5.25,3.62,0%-25%,0.24,0%-25%,0.03,0%-25%,1.37,0%-25%
SR68,2592,47,25,0,37,109,4.21,1.81,0%-25%,0.96,0%-25%,0,0%-25%,1.43,0%-25%
HG34,908,46,20,0,62,128,14.1,5.07,25%-50%,2.2,25%-50%,0,0%-25%,6.83,50%-75%
DH32,3124,49,21,0,51,121,3.87,1.57,0%-25%,0.67,0%-25%,0,0%-25%,1.63,0%-25%
NE616,2869,102,13,0,73,188,6.55,3.56,0%-25%,0.45,0%-25%,0,0%-25%,2.54,25%-50%
NE403,3813,102,5,0,56,163,4.27,2.68,0%-25%,0.13,0%-25%,0,0%-25%,1.47,0%-25%
DL13,4073,169,81,1,94,345,8.47,4.15,0%-25%,1.99,25%-50%,0.02,0%-25%,2.31,0%-25%
DH46,4669,328,45,2,69,444,9.51,7.03,25%-50%,0.96,0%-25%,0.04,0%-25%,1.48,0%-25%
NE14,1666,5,22,0,51,78,4.68,0.3,0%-25%,1.32,25%-50%,0,0%-25%,3.06,25%-50%
NE484,295,14,0,0,8,22,7.46,4.75,25%-50%,0,0%-25%,0,0%-25%,2.71,25%-50%
YO126,5042,155,8,0,37,200,3.97,3.07,0%-25%,0.16,0%-25%,0,0%-25%,0.73,0%-25%
YO124,4276,173,2,0,29,204,4.77,4.05,0%-25%,0.05,0%-25%,0,0%-25%,0.68,0%-25%
SR51,2408,107,6,0,34,147,6.1,4.44,25%-50%,0.25,0%-25%,0,0%-25%,1.41,0%-25%
TS175,3452,194,3,2,55,254,7.36,5.62,25%-50%,0.09,0%-25%,0.06,25%-50%,1.59,0%-25%
NE192,534,39,0,0,10,49,9.18,7.3,25%-50%,0,0%-25%,0,0%-25%,1.87,0%-25%
TS179,3442,93,7,0,53,153,4.45,2.7,0%-25%,0.2,0%-25%,0,0%-25%,1.54,0%-25%
YO627,1210,68,0,0,21,89,7.36,5.62,25%-50%,0,0%-25%,0,0%-25%,1.74,0%-25%
NE23,3253,29,9,0,51,89,2.74,0.89,0%-25%,0.28,0%-25%,0,0%-25%,1.57,0%-25%
NE446,501,43,4,0,29,76,15.17,8.58,25%-50%,0.8,0%-25%,0,0%-25%,5.79,50%-75%
NE53,4120,154,13,0,37,204,4.95,3.74,0%-25%,0.32,0%-25%,0,0%-25%,0.9,0%-25%
DL30,6335,199,81,0,75,355,5.6,3.14,0%-25%,1.28,0%-25%,0,0%-25%,1.18,0%-25%
NE241,1968,58,32,0,23,113,5.74,2.95,0%-25%,1.63,25%-50%,0,0%-25%,1.17,0%-25%
NE55,3042,50,75,0,26,151,4.96,1.64,0%-25%,2.47,25%-50%,0,0%-25%,0.85,0%-25%
YO225,1768,104,29,0,18,151,8.54,5.88,25%-50%,1.64,25%-50%,0,0%-25%,1.02,0%-25%
DL82,2135,165,33,1,28,227,10.63,7.73,25%-50%,1.55,25%-50%,0.05,0%-25%,1.31,0%-25%
NE387,4363,241,7,1,82,331,7.59,5.52,25%-50%,0.16,0%-25%,0.02,0%-25%,1.88,0%-25%
NE225,4440,158,10,0,57,225,5.07,3.56,0%-25%,0.23,0%-25%,0,0%-25%,1.28,0%-25%
NE226,2471,150,9,1,35,195,7.89,6.07,25%-50%,0.36,0%-25%,0.04,0%-25%,1.42,0%-25%
DL167,4452,223,30,1,64,318,7.14,5.01,25%-50%,0.67,0%-25%,0.02,0%-25%,1.44,0%-25%
NE46,3890,32,73,0,40,145,3.73,0.82,0%-25%,1.88,25%-50%,0,0%-25%,1.03,0%-25%
DH76,4203,189,44,0,58,291,6.92,4.5,25%-50%,1.05,0%-25%,0,0%-25%,1.38,0%-25%
TS234,968,15,4,0,7,26,2.69,1.55,0%-25%,0.41,0%-25%,0,0%-25%,0.72,0%-25%
YO130,2491,170,0,0,50,220,8.83,6.82,25%-50%,0,0%-25%,0,0%-25%,2.01,0%-25%
DH99,3257,133,52,0,29,214,6.57,4.08,0%-25%,1.6,25%-50%,0,0%-25%,0.89,0%-25%
NE482,1018,98,17,0,28,143,14.05,9.63,50%-75%,1.67,25%-50%,0,0%-25%,2.75,25%-50%
NE200,873,42,0,0,25,67,7.67,4.81,25%-50%,0,0%-25%,0,0%-25%,2.86,25%-50%
NE64,5827,74,20,0,49,143,2.45,1.27,0%-25%,0.34,0%-25%,0,0%-25%,0.84,0%-25%
TS273,2357,164,26,1,28,219,9.29,6.96,25%-50%,1.1,0%-25%,0.04,0%-25%,1.19,0%-25%
TS274,3560,124,87,1,44,256,7.19,3.48,0%-25%,2.44,25%-50%,0.03,0%-25%,1.24,0%-25%
NE129,4661,149,106,0,71,326,6.99,3.2,0%-25%,2.27,25%-50%,0,0%-25%,1.52,0%-25%
NE157,4441,92,14,0,62,168,3.78,2.07,0%-25%,0.32,0%-25%,0,0%-25%,1.4,0%-25%
TS37,3117,63,20,0,27,110,3.53,2.02,0%-25%,0.64,0%-25%,0,0%-25%,0.87,0%-25%
HG12,4736,63,44,0,73,180,3.8,1.33,0%-25%,0.93,0%-25%,0,0%-25%,1.54,0%-25%
HG35,1936,96,29,0,127,252,13.02,4.96,25%-50%,1.5,25%-50%,0,0%-25%,6.56,50%-75%
DH47,3802,232,29,1,56,318,8.36,6.1,25%-50%,0.76,0%-25%,0.03,0%-25%,1.47,0%-25%
NE11,587,0,4,0,9,13,2.21,0,0%-25%,0.68,0%-25%,0,0%-25%,1.53,0%-25%
TS97,1237,135,0,0,22,157,12.69,10.91,50%-75%,0,0%-25%,0,0%-25%,1.78,0%-25%
HG32,5029,248,4,1,393,646,12.85,4.93,25%-50%,0.08,0%-25%,0.02,0%-25%,7.81,75%-100%
TS211,1887,150,32,0,51,233,12.35,7.95,25%-50%,1.7,25%-50%,0,0%-25%,2.7,25%-50%
TS184,3161,58,6,0,86,150,4.75,1.83,0%-25%,0.19,0%-25%,0,0%-25%,2.72,25%-50%
TS213,1475,71,9,0,46,126,8.54,4.81,25%-50%,0.61,0%-25%,0,0%-25%,3.12,25%-50%
YO71,4611,229,10,1,91,331,7.18,4.97,25%-50%,0.22,0%-25%,0.02,0%-25%,1.97,0%-25%
NE191,714,56,13,0,18,87,12.18,7.84,25%-50%,1.82,25%-50%,0,0%-25%,2.52,25%-50%
NE158,4198,125,14,0,57,196,4.67,2.98,0%-25%,0.33,0%-25%,0,0%-25%,1.36,0%-25%
TS150,1188,120,1,0,33,154,12.96,10.1,50%-75%,0.08,0%-25%,0,0%-25%,2.78,25%-50%
TS212,1433,57,28,0,40,125,8.72,3.98,0%-25%,1.95,25%-50%,0,0%-25%,2.79,25%-50%
HG59,1991,78,0,0,62,140,7.03,3.92,0%-25%,0,0%-25%,0,0%-25%,3.11,25%-50%
YO306,4308,143,152,1,110,406,9.42,3.32,0%-25%,3.53,50%-75%,0.02,0%-25%,2.55,25%-50%
TS12,579,2,2,0,2,6,1.04,0.35,0%-25%,0.35,0%-25%,0,0%-25%,0.35,0%-25%
TS135,1666,68,0,0,13,81,4.86,4.08,0%-25%,0,0%-25%,0,0%-25%,0.78,0%-25%
NE164,3266,72,6,0,48,126,3.86,2.2,0%-25%,0.18,0%-25%,0,0%-25%,1.47,0%-25%
TS134,3578,153,8,0,26,187,5.23,4.28,0%-25%,0.22,0%-25%,0,0%-25%,0.73,0%-25%
DL150,4438,215,32,0,43,290,6.53,4.84,25%-50%,0.72,0%-25%,0,0%-25%,0.97,0%-25%
TS39,3375,43,28,0,29,100,2.96,1.27,0%-25%,0.83,0%-25%,0,0%-25%,0.86,0%-25%
YO265,4937,259,99,1,123,482,9.76,5.25,25%-50%,2.01,25%-50%,0.02,0%-25%,2.49,0%-25%
DH78,5139,216,15,1,72,304,5.92,4.2,0%-25%,0.29,0%-25%,0.02,0%-25%,1.4,0%-25%
SR60,3400,60,41,0,47,148,4.35,1.76,0%-25%,1.21,0%-25%,0,0%-25%,1.38,0%-25%
TS254,2911,96,51,0,26,173,5.94,3.3,0%-25%,1.75,25%-50%,0,0%-25%,0.89,0%-25%
YO414,1080,53,15,0,29,97,8.98,4.91,25%-50%,1.39,25%-50%,0,0%-25%,2.69,25%-50%
TS42,3242,78,46,0,19,143,4.41,2.41,0%-25%,1.42,25%-50%,0,0%-25%,0.59,0%-25%
YO195,2221,115,32,0,67,214,9.64,5.18,25%-50%,1.44,25%-50%,0,0%-25%,3.02,25%-50%
NE259,5313,132,128,0,93,353,6.64,2.48,0%-25%,2.41,25%-50%,0,0%-25%,1.75,0%-25%
DH61,3204,115,40,0,41,196,6.12,3.59,0%-25%,1.25,0%-25%,0,0%-25%,1.28,0%-25%
S104,3309,192,109,1,86,388,11.73,5.8,25%-50%,3.29,50%-75%,0.03,0%-25%,2.6,25%-50%
DH13,1975,37,39,0,39,115,5.82,1.87,0%-25%,1.97,25%-50%,0,0%-25%,1.97,0%-25%
DH58,2871,195,39,1,36,271,9.44,6.79,25%-50%,1.36,25%-50%,0.03,0%-25%,1.25,0%-25%
TS11,621,2,0,0,1,3,0.48,0.32,0%-25%,0,0%-25%,0,0%-25%,0.16,0%-25%
TS36,2168,28,13,0,17,58,2.68,1.29,0%-25%,0.6,0%-25%,0,0%-25%,0.78,0%-25%
NE180,468,12,4,0,28,44,9.4,2.56,0%-25%,0.85,0%-25%,0,0%-25%,5.98,50%-75%
NE18,606,7,0,0,13,20,3.3,1.16,0%-25%,0,0%-25%,0,0%-25%,2.15,0%-25%
BD235,2154,78,0,0,31,109,5.06,3.62,0%-25%,0,0%-25%,0,0%-25%,1.44,0%-25%
BD235,2154,78,0,0,31,109,5.06,3.62,0%-25%,0,0%-25%,0,0%-25%,1.44,0%-25%
NE346,3854,145,9,1,52,207,5.37,3.76,0%-25%,0.23,0%-25%,0.03,0%-25%,1.35,0%-25%
NE301,1304,21,0,0,16,37,2.84,1.61,0%-25%,0,0%-25%,0,0%-25%,1.23,0%-25%
YO196,3158,191,62,0,99,352,11.15,6.05,25%-50%,1.96,25%-50%,0,0%-25%,3.13,25%-50%
NE263,1907,38,4,0,38,80,4.2,1.99,0%-25%,0.21,0%-25%,0,0%-25%,1.99,0%-25%
NE391,1856,53,35,0,33,121,6.52,2.86,0%-25%,1.89,25%-50%,0,0%-25%,1.78,0%-25%
TS268,2896,38,81,0,41,160,5.52,1.31,0%-25%,2.8,50%-75%,0,0%-25%,1.42,0%-25%
YO149,4497,186,76,1,43,306,6.8,4.14,0%-25%,1.69,25%-50%,0.02,0%-25%,0.96,0%-25%
SR69,4208,58,36,0,62,156,3.71,1.38,0%-25%,0.86,0%-25%,0,0%-25%,1.47,0%-25%
NE404,3725,89,9,0,55,153,4.11,2.39,0%-25%,0.24,0%-25%,0,0%-25%,1.48,0%-25%
DL57,3927,152,77,0,67,296,7.54,3.87,0%-25%,1.96,25%-50%,0,0%-25%,1.71,0%-25%
DL14,7090,236,17,0,162,415,5.85,3.33,0%-25%,0.24,0%-25%,0,0%-25%,2.28,0%-25%
NE280,4152,185,10,1,47,243,5.85,4.46,25%-50%,0.24,0%-25%,0.02,0%-25%,1.13,0%-25%
TS118,1881,100,23,0,20,143,7.6,5.32,25%-50%,1.22,0%-25%,0,0%-25%,1.06,0%-25%
SR48,4515,205,8,1,34,248,5.49,4.54,25%-50%,0.18,0%-25%,0.02,0%-25%,0.75,0%-25%
YO18,540,0,0,0,4,4,0.74,0,0%-25%,0,0%-25%,0,0%-25%,0.74,0%-25%
NE239,489,2,6,0,9,17,3.48,0.41,0%-25%,1.23,0%-25%,0,0%-25%,1.84,0%-25%
TS169,1476,80,8,0,28,116,7.86,5.42,25%-50%,0.54,0%-25%,0,0%-25%,1.9,0%-25%
TS269,2770,57,26,0,38,121,4.37,2.06,0%-25%,0.94,0%-25%,0,0%-25%,1.37,0%-25%
TS201,4993,177,17,0,34,228,4.57,3.54,0%-25%,0.34,0%-25%,0,0%-25%,0.68,0%-25%
TS147,2562,127,26,0,35,188,7.34,4.96,25%-50%,1.01,0%-25%,0,0%-25%,1.37,0%-25%
TS260,5602,325,37,2,88,452,8.07,5.8,25%-50%,0.66,0%-25%,0.04,0%-25%,1.57,0%-25%
HD14,4090,65,45,0,88,198,4.84,1.59,0%-25%,1.1,0%-25%,0,0%-25%,2.15,0%-25%
TD124,59,5,0,0,3,8,13.56,8.47,25%-50%,0,0%-25%,0,0%-25%,5.08,50%-75%
YO415,1216,70,1,0,39,110,9.05,5.76,25%-50%,0.08,0%-25%,0,0%-25%,3.21,25%-50%
YO253,1141,68,22,0,18,108,9.47,5.96,25%-50%,1.93,25%-50%,0,0%-25%,1.58,0%-25%
TS79,2742,112,43,0,43,198,7.22,4.08,0%-25%,1.57,25%-50%,0,0%-25%,1.57,0%-25%
N/ A,126,1,1,0,1,3,2.38,0.79,0%-25%,0.79,0%-25%,0,0%-25%,0.79,0%-25%
TS117,2048,120,7,1,22,150,7.32,5.86,25%-50%,0.34,0%-25%,0.05,0%-25%,1.07,0%-25%
TS102,4211,157,46,1,54,258,6.13,3.73,0%-25%,1.09,0%-25%,0.02,0%-25%,1.28,0%-25%
TS30,3538,90,38,0,28,156,4.41,2.54,0%-25%,1.07,0%-25%,0,0%-25%,0.79,0%-25%
TS104,4148,201,6,1,51,259,6.24,4.85,25%-50%,0.14,0%-25%,0.02,0%-25%,1.23,0%-25%
LS224,1047,36,29,0,87,152,14.52,3.44,0%-25%,2.77,50%-75%,0,0%-25%,8.31,75%-100%
NE610,26,0,0,0,1,1,3.85,0,0%-25%,0,0%-25%,0,0%-25%,3.85,25%-50%
TS176,2177,23,3,0,30,56,2.57,1.06,0%-25%,0.14,0%-25%,0,0%-25%,1.38,0%-25%
TS178,2917,63,8,0,46,117,4.01,2.16,0%-25%,0.27,0%-25%,0,0%-25%,1.58,0%-25%
NE350,42,0,0,0,0,0,0,0,0%-25%,0,0%-25%,0,0%-25%,0,0%-25%
YO86,2341,11,4,0,40,55,2.35,0.47,0%-25%,0.17,0%-25%,0,0%-25%,1.71,0%-25%
HX75,2561,95,23,0,45,163,6.36,3.71,0%-25%,0.9,0%-25%,0,0%-25%,1.76,0%-25%
S203,173,14,0,0,0,14,8.09,8.09,25%-50%,0,0%-25%,0,0%-25%,0,0%-25%
DN69,2460,188,45,1,22,256,10.41,7.64,25%-50%,1.83,25%-50%,0.04,0%-25%,0.89,0%-25%
S87,6116,112,101,0,89,302,4.94,1.83,0%-25%,1.65,25%-50%,0,0%-25%,1.46,0%-25%
HD88,5350,311,91,0,141,543,10.15,5.81,25%-50%,1.7,25%-50%,0,0%-25%,2.64,25%-50%
DN74,3318,323,7,3,41,374,11.27,9.73,50%-75%,0.21,0%-25%,0.09,25%-50%,1.24,0%-25%
HU179,5848,193,44,1,120,358,6.12,3.3,0%-25%,0.75,0%-25%,0.02,0%-25%,2.05,0%-25%
HU106,4936,148,9,0,88,245,4.96,3,0%-25%,0.18,0%-25%,0,0%-25%,1.78,0%-25%
LS169,1688,59,43,0,80,182,10.78,3.5,0%-25%,2.55,25%-50%,0,0%-25%,4.74,25%-50%
S119,4461,200,38,0,128,366,8.2,4.48,25%-50%,0.85,0%-25%,0,0%-25%,2.87,25%-50%
HU91,2898,53,3,0,19,75,2.59,1.83,0%-25%,0.1,0%-25%,0,0%-25%,0.66,0%-25%
YO83,2304,11,2,0,42,55,2.39,0.48,0%-25%,0.09,0%-25%,0,0%-25%,1.82,0%-25%
DN58,4885,252,59,1,68,380,7.78,5.16,25%-50%,1.21,0%-25%,0.02,0%-25%,1.39,0%-25%
S72,3678,78,58,0,78,214,5.82,2.12,0%-25%,1.58,25%-50%,0,0%-25%,2.12,0%-25%
S613,3145,281,85,2,25,393,12.5,8.93,50%-75%,2.7,50%-75%,0.06,25%-50%,0.79,0%-25%
WF34,3552,122,133,0,107,362,10.19,3.43,0%-25%,3.74,50%-75%,0,0%-25%,3.01,25%-50%
WF14,5260,136,126,0,87,349,6.63,2.59,0%-25%,2.4,25%-50%,0,0%-25%,1.65,0%-25%
LS154,2442,93,8,0,102,203,8.31,3.81,0%-25%,0.33,0%-25%,0,0%-25%,4.18,25%-50%
LS252,3216,92,28,0,147,267,8.3,2.86,0%-25%,0.87,0%-25%,0,0%-25%,4.57,25%-50%
S141,4836,59,80,0,18,157,3.25,1.22,0%-25%,1.65,25%-50%,0,0%-25%,0.37,0%-25%
WF103,5720,212,105,0,172,489,8.55,3.71,0%-25%,1.84,25%-50%,0,0%-25%,3.01,25%-50%
YO237,517,5,0,0,19,24,4.64,0.97,0%-25%,0,0%-25%,0,0%-25%,3.68,25%-50%
YO237,517,5,0,0,19,24,4.64,0.97,0%-25%,0,0%-25%,0,0%-25%,3.68,25%-50%
HX11,1229,4,0,0,8,12,0.98,0.33,0%-25%,0,0%-25%,0,0%-25%,0.65,0%-25%
LS213,3101,64,8,0,205,277,8.93,2.06,0%-25%,0.26,0%-25%,0,0%-25%,6.61,50%-75%
DN93,2318,153,3,1,51,208,8.97,6.6,25%-50%,0.13,0%-25%,0.04,0%-25%,2.2,0%-25%
YO424,2248,197,27,1,51,276,12.28,8.76,50%-75%,1.2,0%-25%,0.04,0%-25%,2.27,0%-25%
S364,336,25,0,0,3,28,8.33,7.44,25%-50%,0,0%-25%,0,0%-25%,0.89,0%-25%
LN76,3326,269,17,1,62,349,10.49,8.09,25%-50%,0.51,0%-25%,0.03,0%-25%,1.86,0%-25%
HD33,7856,250,2,0,117,369,4.7,3.18,0%-25%,0.03,0%-25%,0,0%-25%,1.49,0%-25%
LS104,6337,224,13,0,323,560,8.84,3.53,0%-25%,0.21,0%-25%,0,0%-25%,5.1,50%-75%
LN110,5538,255,55,1,84,395,7.13,4.6,25%-50%,0.99,0%-25%,0.02,0%-25%,1.52,0%-25%
HD80,4936,204,127,0,131,462,9.36,4.13,0%-25%,2.57,25%-50%,0,0%-25%,2.65,25%-50%
S63,3542,78,13,0,45,136,3.84,2.2,0%-25%,0.37,0%-25%,0,0%-25%,1.27,0%-25%
WF44,4017,210,6,0,72,288,7.17,5.23,25%-50%,0.15,0%-25%,0,0%-25%,1.79,0%-25%
DN24,3393,104,7,0,64,175,5.16,3.07,0%-25%,0.21,0%-25%,0,0%-25%,1.89,0%-25%
BD112,2498,49,14,0,90,153,6.12,1.96,0%-25%,0.56,0%-25%,0,0%-25%,3.6,25%-50%
DN50,5092,208,63,1,68,340,6.68,4.08,0%-25%,1.24,0%-25%,0.02,0%-25%,1.34,0%-25%
DN67,4789,279,7,2,45,333,6.95,5.83,25%-50%,0.15,0%-25%,0.04,0%-25%,0.94,0%-25%
S640,4236,177,113,1,38,329,7.77,4.18,0%-25%,2.67,50%-75%,0.02,0%-25%,0.9,0%-25%
S637,3758,109,43,0,56,208,5.53,2.9,0%-25%,1.14,0%-25%,0,0%-25%,1.49,0%-25%
LS27,2576,6,11,0,449,466,18.09,0.23,0%-25%,0.43,0%-25%,0,0%-25%,17.43,75%-100%
S755,3831,228,23,2,80,333,8.69,5.95,25%-50%,0.6,0%-25%,0.05,0%-25%,2.09,0%-25%
HX59,1876,54,12,0,57,123,6.56,2.88,0%-25%,0.64,0%-25%,0,0%-25%,3.04,25%-50%
BD100,4101,84,91,0,564,739,18.02,2.05,0%-25%,2.22,25%-50%,0,0%-25%,13.75,75%-100%
LS227,1977,86,13,0,185,284,14.37,4.35,25%-50%,0.66,0%-25%,0,0%-25%,9.36,75%-100%
HU55,8857,132,147,0,48,327,3.69,1.49,0%-25%,1.66,25%-50%,0,0%-25%,0.54,0%-25%
WF101,2042,28,25,0,42,95,4.65,1.37,0%-25%,1.22,0%-25%,0,0%-25%,2.06,0%-25%
LS14,1812,5,0,0,680,685,37.8,0.28,0%-25%,0,0%-25%,0,0%-25%,37.53,75%-100%
BD209,2071,119,0,0,45,164,7.92,5.75,25%-50%,0,0%-25%,0,0%-25%,2.17,0%-25%
BD214,3048,65,25,0,35,125,4.1,2.13,0%-25%,0.82,0%-25%,0,0%-25%,1.15,0%-25%
BD232,4809,149,70,0,94,313,6.51,3.1,0%-25%,1.46,25%-50%,0,0%-25%,1.95,0%-25%
BD205,3372,124,0,0,80,204,6.05,3.68,0%-25%,0,0%-25%,0,0%-25%,2.37,0%-25%
BD233,2443,112,2,0,35,149,6.1,4.58,25%-50%,0.08,0%-25%,0,0%-25%,1.43,0%-25%
BD94,2979,40,14,0,36,90,3.02,1.34,0%-25%,0.47,0%-25%,0,0%-25%,1.21,0%-25%
DN146,6044,216,74,1,90,381,6.3,3.57,0%-25%,1.22,0%-25%,0.02,0%-25%,1.49,0%-25%
LS197,6517,165,36,0,348,549,8.42,2.53,0%-25%,0.55,0%-25%,0,0%-25%,5.34,50%-75%
BD15,1134,6,29,0,68,103,9.08,0.53,0%-25%,2.56,25%-50%,0,0%-25%,6,50%-75%
HU36,4304,82,7,0,38,127,2.95,1.91,0%-25%,0.16,0%-25%,0,0%-25%,0.88,0%-25%
HD13,2903,40,2,0,57,99,3.41,1.38,0%-25%,0.07,0%-25%,0,0%-25%,1.96,0%-25%
HX30,3719,76,17,0,54,147,3.95,2.04,0%-25%,0.46,0%-25%,0,0%-25%,1.45,0%-25%
S89,4247,85,6,0,62,153,3.6,2,0%-25%,0.14,0%-25%,0,0%-25%,1.46,0%-25%
S626,2891,71,13,0,31,115,3.98,2.46,0%-25%,0.45,0%-25%,0,0%-25%,1.07,0%-25%
HX62,3596,66,29,0,56,151,4.2,1.84,0%-25%,0.81,0%-25%,0,0%-25%,1.56,0%-25%
DN327,3964,50,6,0,33,89,2.25,1.26,0%-25%,0.15,0%-25%,0,0%-25%,0.83,0%-25%
DN91,4380,496,2,2,92,592,13.52,11.32,50%-75%,0.05,0%-25%,0.05,0%-25%,2.1,0%-25%
S713,4097,267,101,2,56,426,10.4,6.52,25%-50%,2.47,25%-50%,0.05,0%-25%,1.37,0%-25%
LS16,1060,1,0,0,169,170,16.04,0.09,0%-25%,0,0%-25%,0,0%-25%,15.94,75%-100%
BD11,712,1,11,0,24,36,5.06,0.14,0%-25%,1.54,25%-50%,0,0%-25%,3.37,25%-50%
LS84,2642,33,4,0,116,153,5.79,1.25,0%-25%,0.15,0%-25%,0,0%-25%,4.39,25%-50%
HU114,4025,215,40,0,63,318,7.9,5.34,25%-50%,0.99,0%-25%,0,0%-25%,1.57,0%-25%
BD133,3451,94,26,0,66,186,5.39,2.72,0%-25%,0.75,0%-25%,0,0%-25%,1.91,0%-25%
S24,2876,34,77,0,19,130,4.52,1.18,0%-25%,2.68,50%-75%,0,0%-25%,0.66,0%-25%
S749,3225,87,6,0,39,132,4.09,2.7,0%-25%,0.19,0%-25%,0,0%-25%,1.21,0%-25%
DN350,3837,198,68,0,29,295,7.69,5.16,25%-50%,1.77,25%-50%,0,0%-25%,0.76,0%-25%
S653,4045,118,105,0,31,254,6.28,2.92,0%-25%,2.6,25%-50%,0,0%-25%,0.77,0%-25%
LS166,4584,116,8,0,219,343,7.48,2.53,0%-25%,0.17,0%-25%,0,0%-25%,4.78,25%-50%
YO422,3959,251,43,1,114,409,10.33,6.34,25%-50%,1.09,0%-25%,0.03,0%-25%,2.88,25%-50%
DN159,4536,389,0,2,54,445,9.81,8.58,25%-50%,0,0%-25%,0.04,0%-25%,1.19,0%-25%
S22,4528,64,20,0,36,120,2.65,1.41,0%-25%,0.44,0%-25%,0,0%-25%,0.8,0%-25%
DN110,6105,640,70,6,105,821,13.45,10.48,50%-75%,1.15,0%-25%,0.1,25%-50%,1.72,0%-25%
BD62,3272,86,93,0,26,205,6.27,2.63,0%-25%,2.84,50%-75%,0,0%-25%,0.79,0%-25%
BD150,2103,61,16,0,26,103,4.9,2.9,0%-25%,0.76,0%-25%,0,0%-25%,1.24,0%-25%
BD157,3719,88,91,0,52,231,6.21,2.37,0%-25%,2.45,25%-50%,0,0%-25%,1.4,0%-25%
BD158,276,13,2,0,3,18,6.52,4.71,25%-50%,0.72,0%-25%,0,0%-25%,1.09,0%-25%
BD80,3078,116,53,0,25,194,6.3,3.77,0%-25%,1.72,25%-50%,0,0%-25%,0.81,0%-25%
OL147,1893,45,0,0,19,64,3.38,2.38,0%-25%,0,0%-25%,0,0%-25%,1,0%-25%
LS12,1078,8,0,0,168,176,16.33,0.74,0%-25%,0,0%-25%,0,0%-25%,15.58,75%-100%
BD21,2993,112,42,0,31,185,6.18,3.74,0%-25%,1.4,25%-50%,0,0%-25%,1.04,0%-25%
LN117,2722,213,18,0,34,265,9.74,7.83,25%-50%,0.66,0%-25%,0,0%-25%,1.25,0%-25%
LS269,1899,58,13,0,88,159,8.37,3.05,0%-25%,0.68,0%-25%,0,0%-25%,4.63,25%-50%
LN83,5241,343,11,1,101,456,8.7,6.54,25%-50%,0.21,0%-25%,0.02,0%-25%,1.93,0%-25%
BB186,4449,132,0,0,49,181,4.07,2.97,0%-25%,0,0%-25%,0,0%-25%,1.1,0%-25%
S124,6173,149,91,0,49,289,4.68,2.41,0%-25%,1.47,25%-50%,0,0%-25%,0.79,0%-25%
DN47,3335,342,21,3,53,419,12.56,10.25,50%-75%,0.63,0%-25%,0.09,25%-50%,1.59,0%-25%
BD162,2345,25,21,0,39,85,3.62,1.07,0%-25%,0.9,0%-25%,0,0%-25%,1.66,0%-25%
DN173,3619,378,0,2,41,421,11.63,10.44,50%-75%,0,0%-25%,0.06,25%-50%,1.13,0%-25%
WF62,5595,181,65,0,85,331,5.92,3.24,0%-25%,1.16,0%-25%,0,0%-25%,1.52,0%-25%
LS178,5050,154,92,0,246,492,9.74,3.05,0%-25%,1.82,25%-50%,0,0%-25%,4.87,25%-50%
S95,2152,43,12,0,55,110,5.11,2,0%-25%,0.56,0%-25%,0,0%-25%,2.56,25%-50%
LS124,4255,52,39,0,785,876,20.59,1.22,0%-25%,0.92,0%-25%,0,0%-25%,18.45,75%-100%
LS277,5167,185,9,0,289,483,9.35,3.58,0%-25%,0.17,0%-25%,0,0%-25%,5.59,50%-75%
HU94,6117,155,13,0,46,214,3.5,2.53,0%-25%,0.21,0%-25%,0,0%-25%,0.75,0%-25%
DN333,3699,127,3,0,39,169,4.57,3.43,0%-25%,0.08,0%-25%,0,0%-25%,1.05,0%-25%
DN208,3353,211,2,1,60,274,8.17,6.29,25%-50%,0.06,0%-25%,0.03,0%-25%,1.79,0%-25%
S39,2944,42,21,0,30,93,3.16,1.43,0%-25%,0.71,0%-25%,0,0%-25%,1.02,0%-25%
WF75,3413,200,6,1,53,260,7.62,5.86,25%-50%,0.18,0%-25%,0.03,0%-25%,1.55,0%-25%
DN40,6143,124,10,0,98,232,3.78,2.02,0%-25%,0.16,0%-25%,0,0%-25%,1.6,0%-25%
HU46,6057,152,110,0,51,313,5.17,2.51,0%-25%,1.82,25%-50%,0,0%-25%,0.84,0%-25%
DN150,552,44,5,0,5,54,9.78,7.97,25%-50%,0.91,0%-25%,0,0%-25%,0.91,0%-25%
DN31,4183,310,9,3,51,373,8.92,7.41,25%-50%,0.22,0%-25%,0.07,25%-50%,1.22,0%-25%
HX13,3292,38,2,0,43,83,2.52,1.15,0%-25%,0.06,0%-25%,0,0%-25%,1.31,0%-25%
WF31,5011,204,77,0,156,437,8.72,4.07,0%-25%,1.54,25%-50%,0,0%-25%,3.11,25%-50%
WF127,3916,97,45,0,55,197,5.03,2.48,0%-25%,1.15,0%-25%,0,0%-25%,1.4,0%-25%
LS101,3254,13,34,0,131,178,5.47,0.4,0%-25%,1.04,0%-25%,0,0%-25%,4.03,25%-50%
DN26,3362,114,7,0,62,183,5.44,3.39,0%-25%,0.21,0%-25%,0,0%-25%,1.84,0%-25%
LS279,4548,105,124,0,249,478,10.51,2.31,0%-25%,2.73,50%-75%,0,0%-25%,5.47,50%-75%
DN11,801,3,0,0,1,4,0.5,0.37,0%-25%,0,0%-25%,0,0%-25%,0.12,0%-25%
HU115,2043,101,46,0,28,175,8.57,4.94,25%-50%,2.25,25%-50%,0,0%-25%,1.37,0%-25%
S14,3143,16,15,0,31,62,1.97,0.51,0%-25%,0.48,0%-25%,0,0%-25%,0.99,0%-25%
BD74,4145,87,17,0,49,153,3.69,2.1,0%-25%,0.41,0%-25%,0,0%-25%,1.18,0%-25%
WF43,4100,143,81,0,83,307,7.49,3.49,0%-25%,1.98,25%-50%,0,0%-25%,2.02,0%-25%
LS145,3462,249,39,1,113,402,11.61,7.19,25%-50%,1.13,0%-25%,0.03,0%-25%,3.26,25%-50%
HX37,4763,127,57,0,74,258,5.42,2.67,0%-25%,1.2,0%-25%,0,0%-25%,1.55,0%-25%
DN365,4091,220,0,0,83,303,7.41,5.38,25%-50%,0,0%-25%,0,0%-25%,2.03,0%-25%
LS297,3067,98,2,0,110,210,6.85,3.2,0%-25%,0.07,0%-25%,0,0%-25%,3.59,25%-50%
DN75,3403,199,3,1,38,241,7.08,5.85,25%-50%,0.09,0%-25%,0.03,0%-25%,1.12,0%-25%
DN140,3444,297,70,1,45,413,11.99,8.62,25%-50%,2.03,25%-50%,0.03,0%-25%,1.31,0%-25%
S65,5163,152,152,0,71,375,7.26,2.94,0%-25%,2.94,50%-75%,0,0%-25%,1.38,0%-25%
WF132,3028,48,19,0,22,89,2.94,1.59,0%-25%,0.63,0%-25%,0,0%-25%,0.73,0%-25%
WF133,4576,106,112,0,34,252,5.51,2.32,0%-25%,2.45,25%-50%,0,0%-25%,0.74,0%-25%
LS212,3394,143,11,0,237,391,11.52,4.21,0%-25%,0.32,0%-25%,0,0%-25%,6.98,50%-75%
S263,1250,72,6,1,19,98,7.84,5.76,25%-50%,0.48,0%-25%,0.08,25%-50%,1.52,0%-25%
WF61,4992,274,102,2,77,455,9.11,5.49,25%-50%,2.04,25%-50%,0.04,0%-25%,1.54,0%-25%
S92,605,13,1,0,4,18,2.98,2.15,0%-25%,0.17,0%-25%,0,0%-25%,0.66,0%-25%
HD72,552,11,0,0,8,19,3.44,1.99,0%-25%,0,0%-25%,0,0%-25%,1.45,0%-25%
OL148,1607,72,0,0,18,90,5.6,4.48,25%-50%,0,0%-25%,0,0%-25%,1.12,0%-25%
S751,3535,180,35,1,74,290,8.2,5.09,25%-50%,0.99,0%-25%,0.03,0%-25%,2.09,0%-25%
HU69,5323,79,72,0,32,183,3.44,1.48,0%-25%,1.35,25%-50%,0,0%-25%,0.6,0%-25%
DN157,4039,308,87,3,51,449,11.12,7.63,25%-50%,2.15,25%-50%,0.07,25%-50%,1.26,0%-25%
DN417,1291,82,1,0,40,123,9.53,6.35,25%-50%,0.08,0%-25%,0,0%-25%,3.1,25%-50%
LS81,5155,135,3,0,234,372,7.22,2.62,0%-25%,0.06,0%-25%,0,0%-25%,4.54,25%-50%
S38,2377,21,18,0,19,58,2.44,0.88,0%-25%,0.76,0%-25%,0,0%-25%,0.8,0%-25%
DN329,4203,64,7,0,34,105,2.5,1.52,0%-25%,0.17,0%-25%,0,0%-25%,0.81,0%-25%
WF104,5232,155,61,0,148,364,6.96,2.96,0%-25%,1.17,0%-25%,0,0%-25%,2.83,25%-50%
LS185,4799,122,70,0,286,478,9.96,2.54,0%-25%,1.46,25%-50%,0,0%-25%,5.96,50%-75%
WF149,4227,192,21,0,87,300,7.1,4.54,25%-50%,0.5,0%-25%,0,0%-25%,2.06,0%-25%
WF29,3307,80,68,0,78,226,6.83,2.42,0%-25%,2.06,25%-50%,0,0%-25%,2.36,0%-25%
BD50,2923,16,28,0,27,71,2.43,0.55,0%-25%,0.96,0%-25%,0,0%-25%,0.92,0%-25%
WF102,4590,201,161,1,134,497,10.83,4.38,25%-50%,3.51,50%-75%,0.02,0%-25%,2.92,25%-50%
LS209,2763,105,33,0,171,309,11.18,3.8,0%-25%,1.19,0%-25%,0,0%-25%,6.19,50%-75%
S652,4374,65,80,0,36,181,4.14,1.49,0%-25%,1.83,25%-50%,0,0%-25%,0.82,0%-25%
DN121,3887,203,17,2,29,251,6.46,5.22,25%-50%,0.44,0%-25%,0.05,0%-25%,0.75,0%-25%
LS119,2042,27,1,0,106,134,6.56,1.32,0%-25%,0.05,0%-25%,0,0%-25%,5.19,50%-75%
WF119,2317,107,14,1,31,153,6.6,4.62,25%-50%,0.6,0%-25%,0.04,0%-25%,1.34,0%-25%
HX48,3083,124,39,0,59,222,7.2,4.02,0%-25%,1.27,0%-25%,0,0%-25%,1.91,0%-25%
HD74,3610,184,5,1,68,258,7.15,5.1,25%-50%,0.14,0%-25%,0.03,0%-25%,1.88,0%-25%
HD91,3034,140,60,0,82,282,9.29,4.61,25%-50%,1.98,25%-50%,0,0%-25%,2.7,25%-50%
S614,4590,182,57,1,34,274,5.97,3.97,0%-25%,1.24,0%-25%,0.02,0%-25%,0.74,0%-25%
LS179,2157,96,0,0,95,191,8.85,4.45,25%-50%,0,0%-25%,0,0%-25%,4.4,25%-50%
LS290,2691,105,1,0,93,199,7.4,3.9,0%-25%,0.04,0%-25%,0,0%-25%,3.46,25%-50%
BD39,1827,12,13,0,11,36,1.97,0.66,0%-25%,0.71,0%-25%,0,0%-25%,0.6,0%-25%
YO85,2786,14,9,0,54,77,2.76,0.5,0%-25%,0.32,0%-25%,0,0%-25%,1.94,0%-25%
S639,3695,169,41,1,58,269,7.28,4.57,25%-50%,1.11,0%-25%,0.03,0%-25%,1.57,0%-25%
S117,4798,95,110,0,133,338,7.04,1.98,0%-25%,2.29,25%-50%,0,0%-25%,2.77,25%-50%
DN386,1363,119,26,0,49,194,14.23,8.73,50%-75%,1.91,25%-50%,0,0%-25%,3.6,25%-50%
S105,3558,88,86,0,89,263,7.39,2.47,0%-25%,2.42,25%-50%,0,0%-25%,2.5,#N/A
HU87,2138,12,1,0,11,24,1.12,0.56,0%-25%,0.05,0%-25%,0,0%-25%,0.51,0%-25%
S367,805,78,6,0,14,98,12.17,9.69,50%-75%,0.75,0%-25%,0,0%-25%,1.74,0%-25%
HU130,3602,91,21,0,116,228,6.33,2.53,0%-25%,0.58,0%-25%,0,0%-25%,3.22,25%-50%
S174,3836,142,118,0,157,417,10.87,3.7,0%-25%,3.08,50%-75%,0,0%-25%,4.09,25%-50%
WF175,1994,22,38,0,20,80,4.01,1.1,0%-25%,1.91,25%-50%,0,0%-25%,1,0%-25%
WF176,3057,78,32,0,34,144,4.71,2.55,0%-25%,1.05,0%-25%,0,0%-25%,1.11,0%-25%
HD34,7138,158,32,0,108,298,4.17,2.21,0%-25%,0.45,0%-25%,0,0%-25%,1.51,0%-25%
BD48,3683,50,56,0,74,180,4.89,1.36,0%-25%,1.52,25%-50%,0,0%-25%,2.01,0%-25%
BD72,4088,56,36,0,49,141,3.45,1.37,0%-25%,0.88,0%-25%,0,0%-25%,1.2,0%-25%
LS134,4679,154,5,0,131,290,6.2,3.29,0%-25%,0.11,0%-25%,0,0%-25%,2.8,25%-50%
DN331,2778,107,7,1,30,145,5.22,3.85,0%-25%,0.25,0%-25%,0.04,0%-25%,1.08,0%-25%
S201,2709,176,94,1,35,306,11.3,6.5,25%-50%,3.47,50%-75%,0.04,0%-25%,1.29,0%-25%
S663,2554,219,63,2,40,324,12.69,8.57,25%-50%,2.47,25%-50%,0.08,25%-50%,1.57,0%-25%
BD234,122,5,0,0,0,5,4.1,4.1,0%-25%,0,0%-25%,0,0%-25%,0,0%-25%
LS90,2954,22,7,0,162,191,6.47,0.74,0%-25%,0.24,0%-25%,0,0%-25%,5.48,50%-75%
LS31,2034,34,54,0,130,218,10.72,1.67,0%-25%,2.65,50%-75%,0,0%-25%,6.39,50%-75%
YO153,3151,115,3,0,30,148,4.7,3.65,0%-25%,0.1,0%-25%,0,0%-25%,0.95,0%-25%
LS63,4899,59,8,0,231,298,6.08,1.2,0%-25%,0.16,0%-25%,0,0%-25%,4.72,25%-50%
HD94,1562,77,2,0,42,121,7.75,4.93,25%-50%,0.13,0%-25%,0,0%-25%,2.69,25%-50%
BD227,3932,120,57,0,51,228,5.8,3.05,0%-25%,1.45,25%-50%,0,0%-25%,1.3,0%-25%
S62,5580,54,29,0,69,152,2.72,0.97,0%-25%,0.52,0%-25%,0,0%-25%,1.24,0%-25%
LS299,2832,86,33,0,100,219,7.73,3.04,0%-25%,1.17,0%-25%,0,0%-25%,3.53,25%-50%
YO257,353,7,4,0,7,18,5.1,1.98,0%-25%,1.13,0%-25%,0,0%-25%,1.98,0%-25%
BD46,2884,138,60,0,62,260,9.02,4.79,25%-50%,2.08,25%-50%,0,0%-25%,2.15,0%-25%
LS296,2984,84,16,0,111,211,7.07,2.82,0%-25%,0.54,0%-25%,0,0%-25%,3.72,25%-50%
BD40,3135,122,95,0,69,286,9.12,3.89,0%-25%,3.03,50%-75%,0,0%-25%,2.2,0%-25%
HU120,2730,227,68,1,29,325,11.9,8.32,25%-50%,2.49,25%-50%,0.04,0%-25%,1.06,0%-25%
HU13,1102,1,2,0,18,21,1.91,0.09,0%-25%,0.18,0%-25%,0,0%-25%,1.63,0%-25%
LS236,3740,140,132,0,412,684,18.29,3.74,0%-25%,3.53,50%-75%,0,0%-25%,11.02,75%-100%
WF12,3839,110,91,0,61,262,6.82,2.87,0%-25%,2.37,25%-50%,0,0%-25%,1.59,0%-25%
BD146,3751,141,34,0,55,230,6.13,3.76,0%-25%,0.91,0%-25%,0,0%-25%,1.47,0%-25%
BD196,2328,78,30,0,48,156,6.7,3.35,0%-25%,1.29,0%-25%,0,0%-25%,2.06,0%-25%
LS286,1981,33,41,0,93,167,8.43,1.67,0%-25%,2.07,25%-50%,0,0%-25%,4.69,25%-50%
S101,5900,89,12,0,155,256,4.34,1.51,0%-25%,0.2,0%-25%,0,0%-25%,2.63,25%-50%
HU165,4034,170,177,0,67,414,10.26,4.21,0%-25%,4.39,75%-100%,0,0%-25%,1.66,0%-25%
LS167,5452,126,7,0,271,404,7.41,2.31,0%-25%,0.13,0%-25%,0,0%-25%,4.97,25%-50%
S669,2614,134,5,1,38,178,6.81,5.13,25%-50%,0.19,0%-25%,0.04,0%-25%,1.45,0%-25%
S730,5704,256,150,1,69,476,8.35,4.49,25%-50%,2.63,50%-75%,0.02,0%-25%,1.21,0%-25%
DN403,1475,118,0,0,18,136,9.22,8,25%-50%,0,0%-25%,0,0%-25%,1.22,0%-25%
DN378,362,17,0,0,4,21,5.8,4.7,25%-50%,0,0%-25%,0,0%-25%,1.1,0%-25%
WF45,2677,83,46,0,54,183,6.84,3.1,0%-25%,1.72,25%-50%,0,0%-25%,2.02,0%-25%
WF120,4165,248,147,1,59,455,10.92,5.95,25%-50%,3.53,50%-75%,0.02,0%-25%,1.42,0%-25%
YO254,2149,150,50,0,38,238,11.07,6.98,25%-50%,2.33,25%-50%,0,0%-25%,1.77,0%-25%
LS110,2145,33,4,0,126,163,7.6,1.54,0%-25%,0.19,0%-25%,0,0%-25%,5.87,50%-75%
S102,3466,52,84,0,84,220,6.35,1.5,0%-25%,2.42,25%-50%,0,0%-25%,2.42,0%-25%
HD59,5866,178,5,0,65,248,4.23,3.03,0%-25%,0.09,0%-25%,0,0%-25%,1.11,0%-25%
DN171,4877,529,3,4,62,598,12.26,10.85,50%-75%,0.06,0%-25%,0.08,25%-50%,1.27,0%-25%
LS159,1784,71,2,0,78,151,8.46,3.98,0%-25%,0.11,0%-25%,0,0%-25%,4.37,25%-50%
DN123,2857,111,40,0,22,173,6.06,3.89,0%-25%,1.4,25%-50%,0,0%-25%,0.77,0%-25%
YO250,509,11,3,0,6,20,3.93,2.16,0%-25%,0.59,0%-25%,0,0%-25%,1.18,0%-25%
LN35,101,10,1,0,1,12,11.88,9.9,50%-75%,0.99,0%-25%,0,0%-25%,0.99,0%-25%
S651,3316,22,4,0,22,48,1.45,0.66,0%-25%,0.12,0%-25%,0,0%-25%,0.66,0%-25%
S338,409,9,0,0,14,23,5.62,2.2,0%-25%,0,0%-25%,0,0%-25%,3.42,25%-50%
HU20,768,10,10,0,11,31,4.04,1.3,0%-25%,1.3,0%-25%,0,0%-25%,1.43,0%-25%
DN25,4549,153,5,0,94,252,5.54,3.36,0%-25%,0.11,0%-25%,0,0%-25%,2.07,0%-25%
S810,75,10,0,0,0,10,13.33,13.33,75%-100%,0,0%-25%,0,0%-25%,0,0%-25%
BD71,1357,4,4,0,11,19,1.4,0.29,0%-25%,0.29,0%-25%,0,0%-25%,0.81,0%-25%
S267,881,54,5,0,13,72,8.17,6.13,25%-50%,0.57,0%-25%,0,0%-25%,1.48,0%-25%
DN402,2179,163,0,1,35,199,9.13,7.48,25%-50%,0,0%-25%,0.05,0%-25%,1.61,0%-25%
S638,3288,258,83,2,54,397,12.07,7.85,25%-50%,2.52,25%-50%,0.06,25%-50%,1.64,0%-25%
LS13,420,5,0,0,132,137,32.62,1.19,0%-25%,0,0%-25%,0,0%-25%,31.43,75%-100%
DN401,2591,146,0,0,39,185,7.14,5.63,25%-50%,0,0%-25%,0,0%-25%,1.51,0%-25%
S264,2167,157,6,2,32,197,9.09,7.25,25%-50%,0.28,0%-25%,0.09,25%-50%,1.48,0%-25%
LS254,975,50,19,0,44,113,11.59,5.13,25%-50%,1.95,25%-50%,0,0%-25%,4.51,25%-50%
S752,3882,139,82,1,85,307,7.91,3.58,0%-25%,2.11,25%-50%,0.03,0%-25%,2.19,0%-25%
S306,9,0,0,0,0,0,0,0,0%-25%,0,0%-25%,0,0%-25%,0,0%-25%
DN313,757,14,0,0,10,24,3.17,1.85,0%-25%,0,0%-25%,0,0%-25%,1.32,0%-25%
S11,59,0,0,0,0,0,0,0,0%-25%,0,0%-25%,0,0%-25%,0,0%-25%
YO46,31,0,0,0,0,0,0,0,0%-25%,0,0%-25%,0,0%-25%,0,0%-25%
S803,180,7,2,0,2,11,6.11,3.89,0%-25%,1.11,0%-25%,0,0%-25%,1.11,0%-25%
WF140,2868,188,14,1,58,261,9.1,6.56,25%-50%,0.49,0%-25%,0.03,0%-25%,2.02,0%-25%
S303,266,4,1,0,0,5,1.88,1.5,0%-25%,0.38,0%-25%,0,0%-25%,0,0%-25%
BD128,1424,72,33,0,18,123,8.64,5.06,25%-50%,2.32,25%-50%,0,0%-25%,1.26,0%-25%
S206,1113,123,37,1,15,176,15.81,11.05,50%-75%,3.32,50%-75%,0.09,25%-50%,1.35,0%-25%
BD37,2087,23,40,0,14,77,3.69,1.1,0%-25%,1.92,25%-50%,0,0%-25%,0.67,0%-25%
HD77,60,1,0,0,0,1,1.67,1.67,0%-25%,0,0%-25%,0,0%-25%,0,0%-25%
S202,1858,159,40,2,25,226,12.16,8.56,25%-50%,2.15,25%-50%,0.11,25%-50%,1.35,0%-25%
S649,3418,125,86,0,26,237,6.93,3.66,0%-25%,2.52,25%-50%,0,0%-25%,0.76,0%-25%
S318,111,2,1,0,0,3,2.7,1.8,0%-25%,0.9,0%-25%,0,0%-25%,0,0%-25%
S260,27,0,0,0,0,0,0,0,0%-25%,0,0%-25%,0,0%-25%,0,0%-25%
LN96,7,0,0,0,0,0,0,0,0%-25%,0,0%-25%,0,0%-25%,0,0%-25%
S365,41,0,1,0,1,2,4.88,0,0%-25%,2.44,25%-50%,0,0%-25%,2.44,0%-25%
TS2,6,0,0,0,0,0,0,0,0%-25%,0,0%-25%,0,0%-25%,0,0%-25%
N/A,254,,0,0,0,,,,#N/A,0,0%-25%,0,0%-25%,0,0%-25%
NE304,2635,26,82,0,34,142,5.39,0.99,0%-25%,3.11,50%-75%,0,0%-25%,1.29,0%-25%
DH45,3135,319,37,2,46,404,12.89,10.18,50%-75%,1.18,0%-25%,0.06,25%-50%,1.47,0%-25%
NE159,3174,72,8,0,44,124,3.91,2.27,0%-25%,0.25,0%-25%,0,0%-25%,1.39,0%-25%
SR83,3527,88,15,0,28,131,3.71,2.5,0%-25%,0.43,0%-25%,0,0%-25%,0.79,0%-25%
NE100,4470,51,9,0,29,89,1.99,1.14,0%-25%,0.2,0%-25%,0,0%-25%,0.65,0%-25%
DL83,2053,93,19,0,19,131,6.38,4.53,25%-50%,0.93,0%-25%,0,0%-25%,0.93,0%-25%
YO72,1461,90,0,0,20,110,7.53,6.16,25%-50%,0,0%-25%,0,0%-25%,1.37,0%-25%
SR33,4808,164,51,0,43,258,5.37,3.41,0%-25%,1.06,0%-25%,0,0%-25%,0.89,0%-25%
YO113,5965,253,5,1,55,314,5.26,4.24,0%-25%,0.08,0%-25%,0.02,0%-25%,0.92,0%-25%
TS13,2722,20,30,0,14,64,2.35,0.73,0%-25%,1.1,0%-25%,0,0%-25%,0.51,0%-25%
YO233,2631,197,56,1,62,316,12.01,7.49,25%-50%,2.13,25%-50%,0.04,0%-25%,2.36,0%-25%
YO179,4034,227,7,1,98,333,8.25,5.63,25%-50%,0.17,0%-25%,0.02,0%-25%,2.43,0%-25%
TS55,3066,70,103,0,25,198,6.46,2.28,0%-25%,3.36,50%-75%,0,0%-25%,0.82,0%-25%
NE659,2825,192,1,0,68,261,9.24,6.8,25%-50%,0.04,0%-25%,0,0%-25%,2.41,0%-25%
YO244,3594,124,31,0,51,206,5.73,3.45,0%-25%,0.86,0%-25%,0,0%-25%,1.42,0%-25%
SR79,3715,91,25,0,49,165,4.44,2.45,0%-25%,0.67,0%-25%,0,0%-25%,1.32,0%-25%
NE22,2529,30,69,0,41,140,5.54,1.19,0%-25%,2.73,50%-75%,0,0%-25%,1.62,0%-25%
DL70,1508,152,5,0,21,178,11.8,10.08,50%-75%,0.33,0%-25%,0,0%-25%,1.39,0%-25%
YO212,1652,157,12,0,11,180,10.9,9.5,50%-75%,0.73,0%-25%,0,0%-25%,0.67,0%-25%
NE437,2200,143,2,0,98,243,11.05,6.5,25%-50%,0.09,0%-25%,0,0%-25%,4.45,25%-50%
YO188,2988,213,90,1,49,353,11.81,7.13,25%-50%,3.01,50%-75%,0.03,0%-25%,1.64,0%-25%
HG14,6521,96,94,0,108,298,4.57,1.47,0%-25%,1.44,25%-50%,0,0%-25%,1.66,0%-25%
TS202,5147,99,164,0,37,300,5.83,1.92,0%-25%,3.19,50%-75%,0,0%-25%,0.72,0%-25%
NE21,4683,45,124,0,69,238,5.08,0.96,0%-25%,2.65,50%-75%,0,0%-25%,1.47,0%-25%
NE96,7684,136,152,0,80,368,4.79,1.77,0%-25%,1.98,25%-50%,0,0%-25%,1.04,0%-25%
DL12,5779,280,46,2,130,458,7.93,4.85,25%-50%,0.8,0%-25%,0.03,0%-25%,2.25,0%-25%
DH85,3329,96,20,0,40,156,4.69,2.88,0%-25%,0.6,0%-25%,0,0%-25%,1.2,0%-25%
YO19,1887,7,55,0,36,98,5.19,0.37,0%-25%,2.91,50%-75%,0,0%-25%,1.91,0%-25%
TS21,1097,10,3,0,29,42,3.83,0.91,0%-25%,0.27,0%-25%,0,0%-25%,2.64,25%-50%
NE61,2299,15,4,0,16,35,1.52,0.65,0%-25%,0.17,0%-25%,0,0%-25%,0.7,0%-25%
HG43,2025,143,46,0,30,219,10.81,7.06,25%-50%,2.27,25%-50%,0,0%-25%,1.48,0%-25%
NE639,6416,226,151,1,66,444,6.92,3.52,0%-25%,2.35,25%-50%,0.02,0%-25%,1.03,0%-25%
NE52,7066,262,113,1,61,437,6.18,3.71,0%-25%,1.6,25%-50%,0.01,0%-25%,0.86,0%-25%
NE477,551,47,1,0,13,61,11.07,8.53,25%-50%,0.18,0%-25%,0,0%-25%,2.36,0%-25%
NE150,948,61,1,0,10,72,7.59,6.43,25%-50%,0.11,0%-25%,0,0%-25%,1.05,0%-25%
HG50,4478,169,1,0,143,313,6.99,3.77,0%-25%,0.02,0%-25%,0,0%-25%,3.19,25%-50%
NE475,484,48,1,0,11,60,12.4,9.92,50%-75%,0.21,0%-25%,0,0%-25%,2.27,0%-25%
NE483,638,52,6,0,12,70,10.97,8.15,25%-50%,0.94,0%-25%,0,0%-25%,1.88,0%-25%
CA87,625,7,5,0,5,17,2.72,1.12,0%-25%,0.8,0%-25%,0,0%-25%,0.8,0%-25%
YO125,5080,165,5,0,33,203,4,3.25,0%-25%,0.1,0%-25%,0,0%-25%,0.65,0%-25%
HG31,2601,158,9,1,513,681,26.18,6.07,25%-50%,0.35,0%-25%,0.04,0%-25%,19.72,75%-100%
NE661,3990,134,5,0,85,224,5.61,3.36,0%-25%,0.13,0%-25%,0,0%-25%,2.13,0%-25%
DL178,4673,121,163,0,48,332,7.1,2.59,0%-25%,3.49,50%-75%,0,0%-25%,1.03,0%-25%
NE657,2333,96,1,0,50,147,6.3,4.11,0%-25%,0.04,0%-25%,0,0%-25%,2.14,0%-25%
NE389,2336,196,2,1,44,243,10.4,8.39,25%-50%,0.09,0%-25%,0.04,0%-25%,1.88,0%-25%
NE650,4300,242,6,1,105,354,8.23,5.63,25%-50%,0.14,0%-25%,0.02,0%-25%,2.44,0%-25%
YO176,1576,138,0,0,27,165,10.47,8.76,50%-75%,0,0%-25%,0,0%-25%,1.71,0%-25%
NE165,5198,125,5,0,75,205,3.94,2.4,0%-25%,0.1,0%-25%,0,0%-25%,1.44,0%-25%
NE81,3212,33,86,0,34,153,4.76,1.03,0%-25%,2.68,50%-75%,0,0%-25%,1.06,0%-25%
DH98,3577,111,36,0,33,180,5.03,3.1,0%-25%,1.01,0%-25%,0,0%-25%,0.92,0%-25%
NE237,5240,268,26,1,83,378,7.21,5.11,25%-50%,0.5,0%-25%,0.02,0%-25%,1.58,0%-25%
DL22,3786,156,74,0,113,343,9.06,4.12,0%-25%,1.95,25%-50%,0,0%-25%,2.98,25%-50%
NE34,5820,113,124,0,112,349,6,1.94,0%-25%,2.13,25%-50%,0,0%-25%,1.92,0%-25%
SR46,2755,88,43,0,18,149,5.41,3.19,0%-25%,1.56,25%-50%,0,0%-25%,0.65,0%-25%
NE298,3911,304,28,2,54,388,9.92,7.77,25%-50%,0.72,0%-25%,0.05,0%-25%,1.38,0%-25%
DH86,3549,117,39,0,46,202,5.69,3.3,0%-25%,1.1,0%-25%,0,0%-25%,1.3,0%-25%
NE95,4711,55,82,0,49,186,3.95,1.17,0%-25%,1.74,25%-50%,0,0%-25%,1.04,0%-25%
DL61,3841,246,31,1,83,361,9.4,6.4,25%-50%,0.81,0%-25%,0.03,0%-25%,2.16,0%-25%
NE340,5273,110,10,0,74,194,3.68,2.09,0%-25%,0.19,0%-25%,0,0%-25%,1.4,0%-25%
NE490,1210,30,2,0,14,46,3.8,2.48,0%-25%,0.17,0%-25%,0,0%-25%,1.16,0%-25%
NE630,3692,280,9,2,38,329,8.91,7.58,25%-50%,0.24,0%-25%,0.05,0%-25%,1.03,0%-25%
TS170,6409,340,15,2,102,459,7.16,5.31,25%-50%,0.23,0%-25%,0.03,0%-25%,1.59,0%-25%
DH22,4910,120,72,0,83,275,5.6,2.44,0%-25%,1.47,25%-50%,0,0%-25%,1.69,0%-25%
NE349,5270,287,74,2,72,435,8.25,5.45,25%-50%,1.4,25%-50%,0.04,0%-25%,1.37,0%-25%
NE45,2817,33,24,0,27,84,2.98,1.17,0%-25%,0.85,0%-25%,0,0%-25%,0.96,0%-25%
NE163,1447,21,2,0,20,43,2.97,1.45,0%-25%,0.14,0%-25%,0,0%-25%,1.38,0%-25%
NE215,2880,32,6,0,36,74,2.57,1.11,0%-25%,0.21,0%-25%,0,0%-25%,1.25,0%-25%
NE216,2813,71,5,0,41,117,4.16,2.52,0%-25%,0.18,0%-25%,0,0%-25%,1.46,0%-25%
DL54,4853,251,62,1,83,397,8.18,5.17,25%-50%,1.28,0%-25%,0.02,0%-25%,1.71,0%-25%
TS123,1804,75,2,0,14,91,5.04,4.16,0%-25%,0.11,0%-25%,0,0%-25%,0.78,0%-25%
YO310,2468,72,21,0,37,130,5.27,2.92,0%-25%,0.85,0%-25%,0,0%-25%,1.5,0%-25%
DL129,1524,82,12,0,16,110,7.22,5.38,25%-50%,0.79,0%-25%,0,0%-25%,1.05,0%-25%
NE331,1316,11,1,0,5,17,1.29,0.84,0%-25%,0.08,0%-25%,0,0%-25%,0.38,0%-25%
NE128,5100,199,79,1,79,358,7.02,3.9,0%-25%,1.55,25%-50%,0.02,0%-25%,1.55,0%-25%
NE31,4649,76,138,0,84,298,6.41,1.63,0%-25%,2.97,50%-75%,0,0%-25%,1.81,0%-25%
NE166,2523,98,5,0,37,140,5.55,3.88,0%-25%,0.2,0%-25%,0,0%-25%,1.47,0%-25%
NE51,4096,116,14,0,37,167,4.08,2.83,0%-25%,0.34,0%-25%,0,0%-25%,0.9,0%-25%
NE332,2556,37,5,0,17,59,2.31,1.45,0%-25%,0.2,0%-25%,0,0%-25%,0.67,0%-25%
DH65,2776,96,35,0,33,164,5.91,3.46,0%-25%,1.26,0%-25%,0,0%-25%,1.19,0%-25%
DL21,2796,189,22,1,84,296,10.59,6.76,25%-50%,0.79,0%-25%,0.04,0%-25%,3,25%-50%
TS255,4451,111,59,0,37,207,4.65,2.49,0%-25%,1.33,25%-50%,0,0%-25%,0.83,0%-25%
NE388,3896,208,5,1,72,286,7.34,5.34,25%-50%,0.13,0%-25%,0.03,0%-25%,1.85,0%-25%
TS146,3912,124,73,0,50,247,6.31,3.17,0%-25%,1.87,25%-50%,0,0%-25%,1.28,0%-25%
DL128,3853,147,23,0,52,222,5.76,3.82,0%-25%,0.6,0%-25%,0,0%-25%,1.35,0%-25%
NE24,1805,11,31,0,26,68,3.77,0.61,0%-25%,1.72,25%-50%,0,0%-25%,1.44,0%-25%
NE227,1752,51,3,0,21,75,4.28,2.91,0%-25%,0.17,0%-25%,0,0%-25%,1.2,0%-25%
DL106,1412,80,0,0,23,103,7.29,5.67,25%-50%,0,0%-25%,0,0%-25%,1.63,0%-25%
YO178,2939,157,9,0,57,223,7.59,5.34,25%-50%,0.31,0%-25%,0,0%-25%,1.94,0%-25%
NE299,2430,75,4,0,35,114,4.69,3.09,0%-25%,0.16,0%-25%,0,0%-25%,1.44,0%-25%
DH90,2316,53,15,0,19,87,3.76,2.29,0%-25%,0.65,0%-25%,0,0%-25%,0.82,0%-25%
YO329,4008,190,16,0,107,313,7.81,4.74,25%-50%,0.4,0%-25%,0,0%-25%,2.67,25%-50%
TS66,1910,22,9,0,14,45,2.36,1.15,0%-25%,0.47,0%-25%,0,0%-25%,0.73,0%-25%
NE48,2616,110,22,1,26,159,6.08,4.2,0%-25%,0.84,0%-25%,0.04,0%-25%,0.99,0%-25%
TS43,3947,88,12,0,24,124,3.14,2.23,0%-25%,0.3,0%-25%,0,0%-25%,0.61,0%-25%
TS231,2660,148,41,1,25,215,8.08,5.56,25%-50%,1.54,25%-50%,0.04,0%-25%,0.94,0%-25%
NE687,1565,91,24,0,13,128,8.18,5.81,25%-50%,1.53,25%-50%,0,0%-25%,0.83,0%-25%
NE136,2901,84,7,0,101,192,6.62,2.9,0%-25%,0.24,0%-25%,0,0%-25%,3.48,25%-50%
NE209,4770,176,5,0,248,429,8.99,3.69,0%-25%,0.1,0%-25%,0,0%-25%,5.2,50%-75%
NE261,2281,42,3,0,43,88,3.86,1.84,0%-25%,0.13,0%-25%,0,0%-25%,1.89,0%-25%
DH88,3415,125,79,1,49,254,7.44,3.66,0%-25%,2.31,25%-50%,0.03,0%-25%,1.43,0%-25%
NE127,2224,69,76,0,35,180,8.09,3.1,0%-25%,3.42,50%-75%,0,0%-25%,1.57,0%-25%
TS247,1391,39,46,0,7,92,6.61,2.8,0%-25%,3.31,50%-75%,0,0%-25%,0.5,0%-25%
TS233,6342,373,33,2,66,474,7.47,5.88,25%-50%,0.52,0%-25%,0.03,0%-25%,1.04,0%-25%
TS225,3953,205,19,1,185,410,10.37,5.19,25%-50%,0.48,0%-25%,0.03,0%-25%,4.68,25%-50%
HG32,5029,248,4,1,393,646,12.85,4.93,25%-50%,0.08,0%-25%,0.02,0%-25%,7.81,75%-100%
HG33,2231,129,22,0,150,301,13.49,5.78,25%-50%,0.99,0%-25%,0,0%-25%,6.72,50%-75%
DL146,5337,171,106,0,55,332,6.22,3.2,0%-25%,1.99,25%-50%,0,0%-25%,1.03,0%-25%
DL140,3184,185,47,0,27,259,8.13,5.81,25%-50%,1.48,25%-50%,0,0%-25%,0.85,0%-25%
SR12,2136,92,48,0,18,158,7.4,4.31,0%-25%,2.25,25%-50%,0,0%-25%,0.84,0%-25%
TS190,6260,175,153,0,38,366,5.85,2.8,0%-25%,2.44,25%-50%,0,0%-25%,0.61,0%-25%
YO17,1843,6,22,0,33,61,3.31,0.33,0%-25%,1.19,0%-25%,0,0%-25%,1.79,0%-25%
SR82,3680,76,15,0,31,122,3.32,2.07,0%-25%,0.41,0%-25%,0,0%-25%,0.84,0%-25%
NE372,3780,276,6,2,45,329,8.7,7.3,25%-50%,0.16,0%-25%,0.05,0%-25%,1.19,0%-25%
DL38,3431,105,88,0,43,236,6.88,3.06,0%-25%,2.56,25%-50%,0,0%-25%,1.25,0%-25%
DL158,2655,111,5,0,23,139,5.24,4.18,0%-25%,0.19,0%-25%,0,0%-25%,0.87,0%-25%
NE478,244,23,1,0,2,26,10.66,9.43,50%-75%,0.41,0%-25%,0,0%-25%,0.82,0%-25%
NE625,4641,159,77,0,39,275,5.93,3.43,0%-25%,1.66,25%-50%,0,0%-25%,0.84,0%-25%
TS177,1376,18,3,0,20,41,2.98,1.31,0%-25%,0.22,0%-25%,0,0%-25%,1.45,0%-25%
TS69,5092,145,13,0,44,202,3.97,2.85,0%-25%,0.26,0%-25%,0,0%-25%,0.86,0%-25%
TS251,4510,177,130,1,36,344,7.63,3.92,0%-25%,2.88,50%-75%,0.02,0%-25%,0.8,0%-25%
YO318,3365,64,22,0,48,134,3.98,1.9,0%-25%,0.65,0%-25%,0,0%-25%,1.43,0%-25%
NE16,837,4,3,0,18,25,2.99,0.48,0%-25%,0.36,0%-25%,0,0%-25%,2.15,0%-25%
NE35,3470,89,86,0,65,240,6.92,2.56,0%-25%,2.48,25%-50%,0,0%-25%,1.87,0%-25%
TS105,2430,54,6,0,29,89,3.66,2.22,0%-25%,0.25,0%-25%,0,0%-25%,1.19,0%-25%
TS122,6098,283,13,1,56,353,5.79,4.64,25%-50%,0.21,0%-25%,0.02,0%-25%,0.92,0%-25%
TS181,1775,48,2,0,33,83,4.68,2.7,0%-25%,0.11,0%-25%,0,0%-25%,1.86,0%-25%
TS285,2576,67,111,0,36,214,8.31,2.6,0%-25%,4.31,75%-100%,0,0%-25%,1.4,0%-25%
DH64,3434,114,101,0,45,260,7.57,3.32,0%-25%,2.94,50%-75%,0,0%-25%,1.31,0%-25%
YO411,2647,124,50,0,73,247,9.33,4.68,25%-50%,1.89,25%-50%,0,0%-25%,2.76,25%-50%
YO411,2647,124,50,0,73,247,9.33,4.68,25%-50%,1.89,25%-50%,0,0%-25%,2.76,25%-50%
SR40,3285,231,5,1,24,261,7.95,7.03,25%-50%,0.15,0%-25%,0.03,0%-25%,0.73,0%-25%
DL94,3302,150,65,0,30,245,7.42,4.54,25%-50%,1.97,25%-50%,0,0%-25%,0.91,0%-25%
HG15,3093,36,50,0,46,132,4.27,1.16,0%-25%,1.62,25%-50%,0,0%-25%,1.49,0%-25%
DL37,2084,30,29,0,22,81,3.89,1.44,0%-25%,1.39,25%-50%,0,0%-25%,1.06,0%-25%
NE262,3050,28,1,0,55,84,2.75,0.92,0%-25%,0.03,0%-25%,0,0%-25%,1.8,0%-25%
TS159,5113,278,8,2,155,443,8.66,5.44,25%-50%,0.16,0%-25%,0.04,0%-25%,3.03,25%-50%
TS101,3990,90,57,0,46,193,4.84,2.26,0%-25%,1.43,25%-50%,0,0%-25%,1.15,0%-25%
NE109,4937,79,9,0,32,120,2.43,1.6,0%-25%,0.18,0%-25%,0,0%-25%,0.65,0%-25%
SR84,4129,94,11,0,35,140,3.39,2.28,0%-25%,0.27,0%-25%,0,0%-25%,0.85,0%-25%
SR49,3002,264,5,2,22,293,9.76,8.79,50%-75%,0.17,0%-25%,0.07,25%-50%,0.73,0%-25%
HG29,2573,80,64,0,115,259,10.07,3.11,0%-25%,2.49,25%-50%,0,0%-25%,4.47,25%-50%
HG41,3924,115,86,0,93,294,7.49,2.93,0%-25%,2.19,25%-50%,0,0%-25%,2.37,0%-25%
YO194,831,39,18,0,21,78,9.39,4.69,25%-50%,2.17,25%-50%,0,0%-25%,2.53,25%-50%
TS182,1457,18,0,0,28,46,3.16,1.24,0%-25%,0,0%-25%,0,0%-25%,1.92,0%-25%
NE15,793,2,0,0,17,19,2.4,0.25,0%-25%,0,0%-25%,0,0%-25%,2.14,0%-25%
DL104,3190,100,3,0,57,160,5.02,3.13,0%-25%,0.09,0%-25%,0,0%-25%,1.79,0%-25%
TS103,3335,58,5,0,38,101,3.03,1.74,0%-25%,0.15,0%-25%,0,0%-25%,1.14,0%-25%
TS70,2826,156,22,0,44,222,7.86,5.52,25%-50%,0.78,0%-25%,0,0%-25%,1.56,0%-25%
SR11,1475,7,16,0,8,31,2.1,0.47,0%-25%,1.08,0%-25%,0,0%-25%,0.54,0%-25%
TS15,1901,19,27,0,9,55,2.89,1,0%-25%,1.42,25%-50%,0,0%-25%,0.47,0%-25%
TS197,3436,143,62,0,23,228,6.64,4.16,0%-25%,1.8,25%-50%,0,0%-25%,0.67,0%-25%
YO140,3164,199,0,1,37,237,7.49,6.29,25%-50%,0,0%-25%,0.03,0%-25%,1.17,0%-25%
YO140,3164,199,0,1,37,237,7.49,6.29,25%-50%,0,0%-25%,0.03,0%-25%,1.17,0%-25%
YO325,2523,105,16,0,71,192,7.61,4.16,0%-25%,0.63,0%-25%,0,0%-25%,2.81,25%-50%
TS68,1233,54,18,0,11,83,6.73,4.38,25%-50%,1.46,25%-50%,0,0%-25%,0.89,0%-25%
YO170,21,0,0,0,1,1,4.76,0,0%-25%,0,0%-25%,0,0%-25%,4.76,25%-50%
NE282,16,0,0,0,0,0,0,0,0%-25%,0,0%-25%,0,0%-25%,0,0%-25%
YO415,1216,70,1,0,39,110,9.05,5.76,25%-50%,0.08,0%-25%,0,0%-25%,3.21,25%-50%
YO302,642,33,5,0,15,53,8.26,5.14,25%-50%,0.78,0%-25%,0,0%-25%,2.34,0%-25%
NE139,46,8,0,0,2,10,21.74,17.39,75%-100%,0,0%-25%,0,0%-25%,4.35,25%-50%
TS54,2191,50,8,0,15,73,3.33,2.28,0%-25%,0.37,0%-25%,0,0%-25%,0.68,0%-25%
SR81,2449,133,38,1,19,191,7.8,5.43,25%-50%,1.55,25%-50%,0.04,0%-25%,0.78,0%-25%
S667,4698,270,75,1,67,413,8.79,5.75,25%-50%,1.6,25%-50%,0.02,0%-25%,1.43,0%-25%
TS199,2261,234,51,2,17,304,13.45,10.35,50%-75%,2.26,25%-50%,0.09,25%-50%,0.75,0%-25%
S648,6427,368,201,2,53,624,9.71,5.73,25%-50%,3.13,50%-75%,0.03,0%-25%,0.82,0%-25%
WF118,3527,179,11,1,44,235,6.66,5.08,25%-50%,0.31,0%-25%,0.03,0%-25%,1.25,0%-25%
HU128,5613,283,4,1,75,363,6.47,5.04,25%-50%,0.07,0%-25%,0.02,0%-25%,1.34,0%-25%
HX27,2903,71,13,0,35,119,4.1,2.45,0%-25%,0.45,0%-25%,0,0%-25%,1.21,0%-25%
S12,2155,7,11,0,12,30,1.39,0.32,0%-25%,0.51,0%-25%,0,0%-25%,0.56,0%-25%
DN320,3202,52,57,0,26,135,4.22,1.62,0%-25%,1.78,25%-50%,0,0%-25%,0.81,0%-25%
YO84,2856,15,15,0,53,83,2.91,0.53,0%-25%,0.53,0%-25%,0,0%-25%,1.86,0%-25%
S173,3813,165,23,0,149,337,8.84,4.33,0%-25%,0.6,0%-25%,0,0%-25%,3.91,25%-50%
YO88,4242,19,12,0,73,104,2.45,0.45,0%-25%,0.28,0%-25%,0,0%-25%,1.72,0%-25%
S627,3732,275,71,2,44,392,10.5,7.37,25%-50%,1.9,25%-50%,0.05,0%-25%,1.18,0%-25%
LS103,5586,258,18,1,284,561,10.04,4.62,25%-50%,0.32,0%-25%,0.02,0%-25%,5.08,50%-75%
LS260,6595,215,39,0,298,552,8.37,3.26,0%-25%,0.59,0%-25%,0,0%-25%,4.52,25%-50%
BD57,2058,29,11,0,17,57,2.77,1.41,0%-25%,0.53,0%-25%,0,0%-25%,0.83,0%-25%
DN211,6419,236,164,0,96,496,7.73,3.68,0%-25%,2.55,25%-50%,0,0%-25%,1.5,0%-25%
S351,3469,121,16,0,364,501,14.44,3.49,0%-25%,0.46,0%-25%,0,0%-25%,10.49,75%-100%
BD159,1114,39,5,0,15,59,5.3,3.5,0%-25%,0.45,0%-25%,0,0%-25%,1.35,0%-25%
DN213,3540,335,1,1,49,386,10.9,9.46,50%-75%,0.03,0%-25%,0.03,0%-25%,1.38,0%-25%
HX78,2088,52,0,0,38,90,4.31,2.49,0%-25%,0,0%-25%,0,0%-25%,1.82,0%-25%
WF84,3508,140,42,0,63,245,6.98,3.99,0%-25%,1.2,0%-25%,0,0%-25%,1.8,0%-25%
S66,3242,232,70,1,39,342,10.55,7.16,25%-50%,2.16,25%-50%,0.03,0%-25%,1.2,0%-25%
DN32,4864,337,14,2,65,418,8.59,6.93,25%-50%,0.29,0%-25%,0.04,0%-25%,1.34,0%-25%
S354,3002,131,5,0,324,460,15.32,4.36,25%-50%,0.17,0%-25%,0,0%-25%,10.79,75%-100%
LS289,2892,79,27,0,156,262,9.06,2.73,0%-25%,0.93,0%-25%,0,0%-25%,5.39,50%-75%
S94,3564,56,89,0,96,241,6.76,1.57,0%-25%,2.5,25%-50%,0,0%-25%,2.69,25%-50%
HX77,1402,46,0,0,23,69,4.92,3.28,0%-25%,0,0%-25%,0,0%-25%,1.64,0%-25%
S754,2337,161,26,0,43,230,9.84,6.89,25%-50%,1.11,0%-25%,0,0%-25%,1.84,0%-25%
S137,4691,153,92,0,34,279,5.95,3.26,0%-25%,1.96,25%-50%,0,0%-25%,0.72,0%-25%
YO87,551,2,5,0,8,15,2.72,0.36,0%-25%,0.91,0%-25%,0,0%-25%,1.45,0%-25%
LS168,1571,66,0,0,72,138,8.78,4.2,0%-25%,0,0%-25%,0,0%-25%,4.58,25%-50%
HX14,2812,41,21,0,37,99,3.52,1.46,0%-25%,0.75,0%-25%,0,0%-25%,1.32,0%-25%
HX39,3594,59,26,0,49,134,3.73,1.64,0%-25%,0.72,0%-25%,0,0%-25%,1.36,0%-25%
DN148,2413,210,42,1,29,282,11.69,8.7,50%-75%,1.74,25%-50%,0.04,0%-25%,1.2,0%-25%
DN174,3123,330,0,2,35,367,11.75,10.57,50%-75%,0,0%-25%,0.06,25%-50%,1.12,0%-25%
LS115,3290,25,3,0,178,206,6.26,0.76,0%-25%,0.09,0%-25%,0,0%-25%,5.41,50%-75%
BD213,1854,6,6,0,18,30,1.62,0.32,0%-25%,0.32,0%-25%,0,0%-25%,0.97,0%-25%
BD111,2682,64,30,0,95,189,7.05,2.39,0%-25%,1.12,0%-25%,0,0%-25%,3.54,25%-50%
HU178,5443,229,101,0,112,442,8.12,4.21,0%-25%,1.86,25%-50%,0,0%-25%,2.06,0%-25%
WF170,3446,179,122,0,43,344,9.98,5.19,25%-50%,3.54,50%-75%,0,0%-25%,1.25,0%-25%
HD76,2039,54,34,0,36,124,6.08,2.65,0%-25%,1.67,25%-50%,0,0%-25%,1.77,0%-25%
HU51,2844,60,2,0,15,77,2.71,2.11,0%-25%,0.07,0%-25%,0,0%-25%,0.53,0%-25%
BD206,3236,99,1,0,78,178,5.5,3.06,0%-25%,0.03,0%-25%,0,0%-25%,2.41,0%-25%
BD177,2625,27,29,0,58,114,4.34,1.03,0%-25%,1.1,0%-25%,0,0%-25%,2.21,0%-25%
BD231,3282,100,19,0,58,177,5.39,3.05,0%-25%,0.58,0%-25%,0,0%-25%,1.77,0%-25%
BD211,2680,17,14,0,30,61,2.28,0.63,0%-25%,0.52,0%-25%,0,0%-25%,1.12,0%-25%
DN209,2960,273,0,2,58,333,11.25,9.22,50%-75%,0,0%-25%,0.07,25%-50%,1.96,0%-25%
LS141,3907,135,81,0,126,342,8.75,3.46,0%-25%,2.07,25%-50%,0,0%-25%,3.22,25%-50%
WF76,3115,151,52,0,49,252,8.09,4.85,25%-50%,1.67,25%-50%,0,0%-25%,1.57,0%-25%
LS251,3839,119,88,0,176,383,9.98,3.1,0%-25%,2.29,25%-50%,0,0%-25%,4.58,25%-50%
S645,1445,44,16,0,11,71,4.91,3.04,0%-25%,1.11,0%-25%,0,0%-25%,0.76,0%-25%
LS278,5665,251,8,1,317,577,10.19,4.43,25%-50%,0.14,0%-25%,0.02,0%-25%,5.6,50%-75%
HX20,4001,95,24,0,52,171,4.27,2.37,0%-25%,0.6,0%-25%,0,0%-25%,1.3,0%-25%
S636,4203,180,89,0,69,338,8.04,4.28,0%-25%,2.12,25%-50%,0,0%-25%,1.64,0%-25%
BD176,3169,80,16,0,73,169,5.33,2.52,0%-25%,0.5,0%-25%,0,0%-25%,2.3,0%-25%
S630,4497,261,23,2,72,358,7.96,5.8,25%-50%,0.51,0%-25%,0.04,0%-25%,1.6,0%-25%
S47,2660,62,22,0,107,191,7.18,2.33,0%-25%,0.83,0%-25%,0,0%-25%,4.02,25%-50%
HD61,2223,31,17,0,26,74,3.33,1.39,0%-25%,0.76,0%-25%,0,0%-25%,1.17,0%-25%
BD109,3557,61,53,0,487,601,16.9,1.71,0%-25%,1.49,25%-50%,0,0%-25%,13.69,75%-100%
HD12,1214,9,0,0,11,20,1.65,0.74,0%-25%,0,0%-25%,0,0%-25%,0.91,0%-25%
BD30,3964,45,29,0,29,103,2.6,1.14,0%-25%,0.73,0%-25%,0,0%-25%,0.73,0%-25%
DN119,3390,266,45,1,55,367,10.83,7.85,25%-50%,1.33,25%-50%,0.03,0%-25%,1.62,0%-25%
HU93,5221,109,9,0,36,154,2.95,2.09,0%-25%,0.17,0%-25%,0,0%-25%,0.69,0%-25%
LS270,3520,96,37,0,188,321,9.12,2.73,0%-25%,1.05,0%-25%,0,0%-25%,5.34,50%-75%
HU52,4191,46,5,0,20,71,1.69,1.1,0%-25%,0.12,0%-25%,0,0%-25%,0.48,0%-25%
BD183,2277,38,11,0,25,74,3.25,1.67,0%-25%,0.48,0%-25%,0,0%-25%,1.1,0%-25%
BD132,3471,106,19,0,66,191,5.5,3.05,0%-25%,0.55,0%-25%,0,0%-25%,1.9,0%-25%
S611,3862,67,19,0,32,118,3.06,1.73,0%-25%,0.49,0%-25%,0,0%-25%,0.83,0%-25%
BD108,4807,120,65,0,662,847,17.62,2.5,0%-25%,1.35,25%-50%,0,0%-25%,13.77,75%-100%
WF93,4043,222,59,1,37,319,7.89,5.49,25%-50%,1.46,25%-50%,0.02,0%-25%,0.92,0%-25%
BD73,2658,36,15,0,30,81,3.05,1.35,0%-25%,0.56,0%-25%,0,0%-25%,1.13,0%-25%
HX63,1668,37,15,0,20,72,4.32,2.22,0%-25%,0.9,0%-25%,0,0%-25%,1.2,0%-25%
LS177,4875,107,72,0,239,418,8.57,2.19,0%-25%,1.48,25%-50%,0,0%-25%,4.9,25%-50%
LS176,4335,74,61,0,205,340,7.84,1.71,0%-25%,1.41,25%-50%,0,0%-25%,4.73,25%-50%
OL146,1765,41,0,0,19,60,3.4,2.32,0%-25%,0,0%-25%,0,0%-25%,1.08,0%-25%
S602,4377,80,19,0,65,164,3.75,1.83,0%-25%,0.43,0%-25%,0,0%-25%,1.49,0%-25%
BD181,3263,54,30,0,43,127,3.89,1.65,0%-25%,0.92,0%-25%,0,0%-25%,1.32,0%-25%
DN46,5430,328,22,2,87,439,8.08,6.04,25%-50%,0.41,0%-25%,0.04,0%-25%,1.6,0%-25%
HD58,6628,155,64,0,76,295,4.45,2.34,0%-25%,0.97,0%-25%,0,0%-25%,1.15,0%-25%
DN85,4062,379,2,3,500,884,21.76,9.33,50%-75%,0.05,0%-25%,0.07,25%-50%,12.31,75%-100%
DN49,4266,287,59,1,71,418,9.8,6.73,25%-50%,1.38,25%-50%,0.02,0%-25%,1.66,0%-25%
DN76,3174,270,2,2,32,306,9.64,8.51,25%-50%,0.06,0%-25%,0.06,25%-50%,1.01,0%-25%
DN68,4022,326,116,2,38,482,11.98,8.11,25%-50%,2.88,50%-75%,0.05,0%-25%,0.94,0%-25%
DN57,4190,284,120,0,53,457,10.91,6.78,25%-50%,2.86,50%-75%,0,0%-25%,1.26,0%-25%
S668,4553,382,106,3,66,557,12.23,8.39,25%-50%,2.33,25%-50%,0.07,25%-50%,1.45,0%-25%
HU70,1316,22,1,0,13,36,2.74,1.67,0%-25%,0.08,0%-25%,0,0%-25%,0.99,0%-25%
DN312,3337,68,43,0,76,187,5.6,2.04,0%-25%,1.29,0%-25%,0,0%-25%,2.28,0%-25%
HU47,6303,122,7,0,50,179,2.84,1.94,0%-25%,0.11,0%-25%,0,0%-25%,0.79,0%-25%
YO166,3466,187,8,1,25,221,6.38,5.4,25%-50%,0.23,0%-25%,0.03,0%-25%,0.72,0%-25%
HU170,4350,135,27,1,89,252,5.79,3.1,0%-25%,0.62,0%-25%,0.02,0%-25%,2.05,0%-25%
S266,1833,115,16,1,28,160,8.73,6.27,25%-50%,0.87,0%-25%,0.05,0%-25%,1.53,0%-25%
WF59,3791,76,52,0,62,190,5.01,2,0%-25%,1.37,25%-50%,0,0%-25%,1.64,0%-25%
HX26,2353,67,11,0,21,99,4.21,2.85,0%-25%,0.47,0%-25%,0,0%-25%,0.89,0%-25%
DN200,3109,286,17,1,60,364,11.71,9.2,50%-75%,0.55,0%-25%,0.03,0%-25%,1.93,0%-25%
HU129,4176,244,33,1,50,328,7.85,5.84,25%-50%,0.79,0%-25%,0.02,0%-25%,1.2,0%-25%
LS97,5144,41,59,0,287,387,7.52,0.8,0%-25%,1.15,0%-25%,0,0%-25%,5.58,50%-75%
DN12,3530,38,25,0,45,108,3.06,1.08,0%-25%,0.71,0%-25%,0,0%-25%,1.27,0%-25%
LN82,880,52,1,0,15,68,7.73,5.91,25%-50%,0.11,0%-25%,0,0%-25%,1.7,0%-25%
LS29,1359,13,14,0,315,342,25.17,0.96,0%-25%,1.03,0%-25%,0,0%-25%,23.18,75%-100%
YO164,4617,163,9,1,32,205,4.44,3.53,0%-25%,0.19,0%-25%,0.02,0%-25%,0.69,0%-25%
LS122,3873,51,6,0,670,727,18.77,1.32,0%-25%,0.15,0%-25%,0,0%-25%,17.3,75%-100%
HD47,3799,121,77,0,44,242,6.37,3.19,0%-25%,2.03,25%-50%,0,0%-25%,1.16,0%-25%
LS121,2815,55,1,0,493,549,19.5,1.95,0%-25%,0.04,0%-25%,0,0%-25%,17.51,75%-100%
S748,2112,82,6,0,23,111,5.26,3.88,0%-25%,0.28,0%-25%,0,0%-25%,1.09,0%-25%
HD64,2591,54,26,0,45,125,4.82,2.08,0%-25%,1,0%-25%,0,0%-25%,1.74,0%-25%
BD59,3336,58,60,0,28,146,4.38,1.74,0%-25%,1.8,25%-50%,0,0%-25%,0.84,0%-25%
S715,3413,264,55,2,44,365,10.69,7.74,25%-50%,1.61,25%-50%,0.06,25%-50%,1.29,0%-25%
S352,2463,124,4,0,254,382,15.51,5.03,25%-50%,0.16,0%-25%,0,0%-25%,10.31,75%-100%
WF27,4595,202,84,0,107,393,8.55,4.4,25%-50%,1.83,25%-50%,0,0%-25%,2.33,0%-25%
WF92,5334,253,10,1,48,312,5.85,4.74,25%-50%,0.19,0%-25%,0.02,0%-25%,0.9,0%-25%
LS257,4613,188,44,0,216,448,9.71,4.08,0%-25%,0.95,0%-25%,0,0%-25%,4.68,25%-50%
LS256,3411,225,128,2,144,499,14.63,6.6,25%-50%,3.75,50%-75%,0.06,25%-50%,4.22,25%-50%
HX28,3794,101,51,0,47,199,5.25,2.66,0%-25%,1.34,25%-50%,0,0%-25%,1.24,0%-25%
DN147,3917,233,91,0,50,374,9.55,5.95,25%-50%,2.32,25%-50%,0,0%-25%,1.28,0%-25%
BD195,1696,39,13,0,30,82,4.83,2.3,0%-25%,0.77,0%-25%,0,0%-25%,1.77,0%-25%
BD24,2560,52,13,0,28,93,3.63,2.03,0%-25%,0.51,0%-25%,0,0%-25%,1.09,0%-25%
S88,6565,127,147,0,97,371,5.65,1.93,0%-25%,2.24,25%-50%,0,0%-25%,1.48,0%-25%
DN370,3761,200,80,1,65,346,9.2,5.32,25%-50%,2.13,25%-50%,0.03,0%-25%,1.73,0%-25%
DN359,2675,69,59,0,17,145,5.42,2.58,0%-25%,2.21,25%-50%,0,0%-25%,0.64,0%-25%
DN163,6001,532,7,5,63,607,10.11,8.87,50%-75%,0.12,0%-25%,0.08,25%-50%,1.05,0%-25%
S103,3804,127,112,0,97,336,8.83,3.34,0%-25%,2.94,50%-75%,0,0%-25%,2.55,25%-50%
WF41,4071,171,15,0,79,265,6.51,4.2,0%-25%,0.37,0%-25%,0,0%-25%,1.94,0%-25%
S330,778,32,16,0,28,76,9.77,4.11,0%-25%,2.06,25%-50%,0,0%-25%,3.6,25%-50%
HU152,5288,346,32,2,128,508,9.61,6.54,25%-50%,0.61,0%-25%,0.04,0%-25%,2.42,0%-25%
WF94,4481,225,6,1,40,272,6.07,5.02,25%-50%,0.13,0%-25%,0.02,0%-25%,0.89,0%-25%
S188,2879,138,92,0,64,294,10.21,4.79,25%-50%,3.2,50%-75%,0,0%-25%,2.22,0%-25%
HD63,5595,201,114,0,100,415,7.42,3.59,0%-25%,2.04,25%-50%,0,0%-25%,1.79,0%-25%
LS85,3871,15,44,0,167,226,5.84,0.39,0%-25%,1.14,0%-25%,0,0%-25%,4.31,25%-50%
S703,4214,183,15,1,32,231,5.48,4.34,0%-25%,0.36,0%-25%,0.02,0%-25%,0.76,0%-25%
DN60,3198,213,74,1,29,317,9.91,6.66,25%-50%,2.31,25%-50%,0.03,0%-25%,0.91,0%-25%
LS212,3394,143,11,0,237,391,11.52,4.21,0%-25%,0.32,0%-25%,0,0%-25%,6.98,50%-75%
S601,1697,7,6,0,14,27,1.59,0.41,0%-25%,0.35,0%-25%,0,0%-25%,0.82,0%-25%
LN12,1948,133,3,0,62,198,10.16,6.83,25%-50%,0.15,0%-25%,0,0%-25%,3.18,25%-50%
LS253,755,22,5,0,31,58,7.68,2.91,0%-25%,0.66,0%-25%,0,0%-25%,4.11,25%-50%
S25,3597,31,54,0,29,114,3.17,0.86,0%-25%,1.5,25%-50%,0,0%-25%,0.81,0%-25%
S711,5648,152,60,0,75,287,5.08,2.69,0%-25%,1.06,0%-25%,0,0%-25%,1.33,0%-25%
HX35,3809,119,20,0,62,201,5.28,3.12,0%-25%,0.53,0%-25%,0,0%-25%,1.63,0%-25%
DN214,2494,188,56,0,31,275,11.03,7.54,25%-50%,2.25,25%-50%,0,0%-25%,1.24,0%-25%
YO267,1024,8,0,0,57,65,6.35,0.78,0%-25%,0,0%-25%,0,0%-25%,5.57,50%-75%
S739,3176,190,11,1,38,240,7.56,5.98,25%-50%,0.35,0%-25%,0.03,0%-25%,1.2,0%-25%
YO258,3379,272,9,1,55,337,9.97,8.05,25%-50%,0.27,0%-25%,0.03,0%-25%,1.63,0%-25%
DN106,2329,98,23,0,56,177,7.6,4.21,0%-25%,0.99,0%-25%,0,0%-25%,2.4,0%-25%
YO433,3495,212,0,0,86,298,8.53,6.07,25%-50%,0,0%-25%,0,0%-25%,2.46,0%-25%
BD184,3724,91,19,0,48,158,4.24,2.44,0%-25%,0.51,0%-25%,0,0%-25%,1.29,0%-25%
LS99,2842,38,7,0,165,210,7.39,1.34,0%-25%,0.25,0%-25%,0,0%-25%,5.81,50%-75%
DN45,3116,78,30,0,46,154,4.94,2.5,0%-25%,0.96,0%-25%,0,0%-25%,1.48,0%-25%
LS133,4316,62,7,0,121,190,4.4,1.44,0%-25%,0.16,0%-25%,0,0%-25%,2.8,25%-50%
LS74,4953,102,11,0,272,385,7.77,2.06,0%-25%,0.22,0%-25%,0,0%-25%,5.49,50%-75%
WF169,3375,116,125,0,36,277,8.21,3.44,0%-25%,3.7,50%-75%,0,0%-25%,1.07,0%-25%
LS116,3214,71,40,0,195,306,9.52,2.21,0%-25%,1.24,0%-25%,0,0%-25%,6.07,50%-75%
BD215,2158,42,26,0,21,89,4.12,1.95,0%-25%,1.2,0%-25%,0,0%-25%,0.97,0%-25%
LS285,6021,116,31,0,311,458,7.61,1.93,0%-25%,0.51,0%-25%,0,0%-25%,5.17,50%-75%
HU95,3854,119,44,0,26,189,4.9,3.09,0%-25%,1.14,0%-25%,0,0%-25%,0.67,0%-25%
HX64,2524,99,20,0,35,154,6.1,3.92,0%-25%,0.79,0%-25%,0,0%-25%,1.39,0%-25%
HU28,1611,13,0,0,23,36,2.23,0.81,0%-25%,0,0%-25%,0,0%-25%,1.43,0%-25%
DN48,3567,134,14,1,55,204,5.72,3.76,0%-25%,0.39,0%-25%,0.03,0%-25%,1.54,0%-25%
BD228,2075,36,2,0,25,63,3.04,1.73,0%-25%,0.1,0%-25%,0,0%-25%,1.2,0%-25%
S93,2168,62,38,0,49,149,6.87,2.86,0%-25%,1.75,25%-50%,0,0%-25%,2.26,0%-25%
S705,4472,193,123,0,35,351,7.85,4.32,0%-25%,2.75,50%-75%,0,0%-25%,0.78,0%-25%
BD194,4732,154,42,0,93,289,6.11,3.25,0%-25%,0.89,0%-25%,0,0%-25%,1.97,0%-25%
WF157,3526,116,26,0,52,194,5.5,3.29,0%-25%,0.74,0%-25%,0,0%-25%,1.47,0%-25%
HD45,5341,139,151,0,62,352,6.59,2.6,0%-25%,2.83,50%-75%,0,0%-25%,1.16,0%-25%
BD134,1665,76,0,0,33,109,6.55,4.56,25%-50%,0,0%-25%,0,0%-25%,1.98,0%-25%
S756,3071,171,8,1,67,247,8.04,5.57,25%-50%,0.26,0%-25%,0.03,0%-25%,2.18,0%-25%
DN357,4618,59,7,0,34,100,2.17,1.28,0%-25%,0.15,0%-25%,0,0%-25%,0.74,0%-25%
BD14,1410,10,28,0,83,121,8.58,0.71,0%-25%,1.99,25%-50%,0,0%-25%,5.89,50%-75%
YO42,286,6,4,0,0,10,3.5,2.1,0%-25%,1.4,25%-50%,0,0%-25%,0,0%-25%
S702,2217,14,3,0,13,30,1.35,0.63,0%-25%,0.14,0%-25%,0,0%-25%,0.59,0%-25%
DN197,2967,369,28,2,90,489,16.48,12.44,50%-75%,0.94,0%-25%,0.07,25%-50%,3.03,25%-50%
DN186,1289,199,0,1,21,221,17.15,15.44,75%-100%,0,0%-25%,0.08,25%-50%,1.63,0%-25%
S122,6498,147,27,0,52,226,3.48,2.26,0%-25%,0.42,0%-25%,0,0%-25%,0.8,0%-25%
DN185,4751,336,4,3,85,428,9.01,7.07,25%-50%,0.08,0%-25%,0.06,25%-50%,1.79,0%-25%
WF160,1671,99,48,1,16,164,9.81,5.92,25%-50%,2.87,50%-75%,0.06,25%-50%,0.96,0%-25%
HU164,3676,91,2,0,62,155,4.22,2.48,0%-25%,0.05,0%-25%,0,0%-25%,1.69,0%-25%
WF81,3121,75,2,0,45,122,3.91,2.4,0%-25%,0.06,0%-25%,0,0%-25%,1.44,0%-25%
HU32,3752,20,2,0,31,53,1.41,0.53,0%-25%,0.05,0%-25%,0,0%-25%,0.83,0%-25%
S21,4987,89,30,0,37,156,3.13,1.78,0%-25%,0.6,0%-25%,0,0%-25%,0.74,0%-25%
S139,4544,144,56,0,36,236,5.19,3.17,0%-25%,1.23,0%-25%,0,0%-25%,0.79,0%-25%
HD15,2040,21,0,0,42,63,3.09,1.03,0%-25%,0,0%-25%,0,0%-25%,2.06,0%-25%
HX61,1989,52,18,0,29,99,4.98,2.61,0%-25%,0.9,0%-25%,0,0%-25%,1.46,0%-25%
LS28,963,2,6,0,126,134,13.91,0.21,0%-25%,0.62,0%-25%,0,0%-25%,13.08,75%-100%
YO256,2837,120,48,0,56,224,7.9,4.23,0%-25%,1.69,25%-50%,0,0%-25%,1.97,0%-25%
HU89,6461,250,9,0,44,303,4.69,3.87,0%-25%,0.14,0%-25%,0,0%-25%,0.68,0%-25%
S712,4633,403,80,3,64,550,11.87,8.7,50%-75%,1.73,25%-50%,0.06,25%-50%,1.38,0%-25%
DN33,5360,480,35,3,67,585,10.91,8.96,50%-75%,0.65,0%-25%,0.06,25%-50%,1.25,0%-25%
S625,3206,215,29,2,39,285,8.89,6.71,25%-50%,0.9,0%-25%,0.06,25%-50%,1.22,0%-25%
LS64,4405,77,9,0,207,293,6.65,1.75,0%-25%,0.2,0%-25%,0,0%-25%,4.7,25%-50%
S182,3156,59,63,0,64,186,5.89,1.87,0%-25%,2,25%-50%,0,0%-25%,2.03,0%-25%
HD96,3025,131,1,0,82,214,7.07,4.33,0%-25%,0.03,0%-25%,0,0%-25%,2.71,25%-50%
WF46,2505,53,79,0,48,180,7.19,2.12,0%-25%,3.15,50%-75%,0,0%-25%,1.92,0%-25%
DN92,2297,232,3,1,49,285,12.41,10.1,50%-75%,0.13,0%-25%,0.04,0%-25%,2.13,0%-25%
S720,1633,121,4,1,16,142,8.7,7.41,25%-50%,0.24,0%-25%,0.06,25%-50%,0.98,0%-25%
DN172,4869,623,6,5,60,694,14.25,12.8,50%-75%,0.12,0%-25%,0.1,25%-50%,1.23,0%-25%
WF179,3486,120,41,0,37,198,5.68,3.44,0%-25%,1.18,0%-25%,0,0%-25%,1.06,0%-25%
HX49,1972,61,28,0,33,122,6.19,3.09,0%-25%,1.42,25%-50%,0,0%-25%,1.67,0%-25%
S48,3091,28,28,0,153,209,6.76,0.91,0%-25%,0.91,0%-25%,0,0%-25%,4.95,25%-50%
LS165,3983,80,1,0,191,272,6.83,2.01,0%-25%,0.03,0%-25%,0,0%-25%,4.8,25%-50%
YO45,50,7,0,0,0,7,14,14,75%-100%,0,0%-25%,0,0%-25%,0,0%-25%
YO57,13,0,0,0,0,0,0,0,0%-25%,0,0%-25%,0,0%-25%,0,0%-25%
WF129,3111,78,60,0,42,180,5.79,2.51,0%-25%,1.93,25%-50%,0,0%-25%,1.35,0%-25%
HU33,1978,32,6,0,17,55,2.78,1.62,0%-25%,0.3,0%-25%,0,0%-25%,0.86,0%-25%
WF32,2577,75,80,0,80,235,9.12,2.91,0%-25%,3.1,50%-75%,0,0%-25%,3.1,25%-50%
BD226,3546,77,73,0,47,197,5.56,2.17,0%-25%,2.06,25%-50%,0,0%-25%,1.33,0%-25%
HU151,5880,248,25,1,154,428,7.28,4.22,0%-25%,0.43,0%-25%,0.02,0%-25%,2.62,25%-50%
HU143,3914,194,49,0,161,404,10.32,4.96,25%-50%,1.25,0%-25%,0,0%-25%,4.11,25%-50%
LN121,396,46,0,0,0,46,11.62,11.62,50%-75%,0,0%-25%,0,0%-25%,0,0%-25%
S727,2287,82,6,0,23,111,4.85,3.59,0%-25%,0.26,0%-25%,0,0%-25%,1.01,0%-25%
WF50,4007,182,91,1,65,339,8.46,4.54,25%-50%,2.27,25%-50%,0.02,0%-25%,1.62,0%-25%
S706,4032,77,9,0,30,116,2.88,1.91,0%-25%,0.22,0%-25%,0,0%-25%,0.74,0%-25%
WF28,6641,134,69,0,165,368,5.54,2.02,0%-25%,1.04,0%-25%,0,0%-25%,2.48,0%-25%
DN418,1686,110,0,0,47,157,9.31,6.52,25%-50%,0,0%-25%,0,0%-25%,2.79,25%-50%
S635,263,0,3,0,2,5,1.9,0,0%-25%,1.14,0%-25%,0,0%-25%,0.76,0%-25%
S251,594,42,13,0,11,66,11.11,7.07,25%-50%,2.19,25%-50%,0,0%-25%,1.85,0%-25%
LS157,3567,77,6,0,154,237,6.64,2.16,0%-25%,0.17,0%-25%,0,0%-25%,4.32,25%-50%
S339,34,3,0,0,1,4,11.76,8.82,50%-75%,0,0%-25%,0,0%-25%,2.94,25%-50%
HD73,33,8,0,0,0,8,24.24,24.24,75%-100%,0,0%-25%,0,0%-25%,0,0%-25%
HU73,3718,182,1,1,50,234,6.29,4.9,25%-50%,0.03,0%-25%,0.03,0%-25%,1.34,0%-25%
S71,4375,60,131,0,95,286,6.54,1.37,0%-25%,2.99,50%-75%,0,0%-25%,2.17,0%-25%
DN13,2113,10,17,0,22,49,2.32,0.47,0%-25%,0.8,0%-25%,0,0%-25%,1.04,0%-25%
HU175,1119,94,8,0,23,125,11.17,8.4,25%-50%,0.71,0%-25%,0,0%-25%,2.06,0%-25%
BD88,3021,21,19,0,21,61,2.02,0.7,0%-25%,0.63,0%-25%,0,0%-25%,0.7,0%-25%
S265,1588,116,53,1,24,194,12.22,7.3,25%-50%,3.34,50%-75%,0.06,25%-50%,1.51,0%-25%
BD87,2040,18,12,0,14,44,2.16,0.88,0%-25%,0.59,0%-25%,0,0%-25%,0.69,0%-25%
LN85,35,3,0,0,0,3,8.57,8.57,25%-50%,0,0%-25%,0,0%-25%,0,0%-25%
S187,89,8,1,0,1,10,11.24,8.99,50%-75%,1.12,0%-25%,0,0%-25%,1.12,0%-25%
HU53,4455,74,8,0,23,105,2.36,1.66,0%-25%,0.18,0%-25%,0,0%-25%,0.52,0%-25%
YO43,179,3,1,0,0,4,2.23,1.68,0%-25%,0.56,0%-25%,0,0%-25%,0,0%-25%
YO58,86,0,1,0,0,1,1.16,0,0%-25%,1.16,0%-25%,0,0%-25%,0,0%-25%
HU192,3910,148,25,0,20,193,4.94,3.79,0%-25%,0.64,0%-25%,0,0%-25%,0.51,0%-25%
LS23,91,0,1,0,13,14,15.38,0,0%-25%,1.1,0%-25%,0,0%-25%,14.29,75%-100%
DN104,9,2,0,0,0,2,22.22,22.22,75%-100%,0,0%-25%,0,0%-25%,0,0%-25%
S353,1584,71,2,0,169,242,15.28,4.48,25%-50%,0.13,0%-25%,0,0%-25%,10.67,75%-100%
HU29,898,14,1,0,19,34,3.79,1.56,0%-25%,0.11,0%-25%,0,0%-25%,2.12,0%-25%
S307,14,2,0,0,0,2,14.29,14.29,75%-100%,0,0%-25%,0,0%-25%,0,0%-25%
LS17,103,0,0,0,27,27,26.21,0,0%-25%,0,0%-25%,0,0%-25%,26.21,75%-100%
N/A,20,,0,0,0,,,,#N/A,0,0%-25%,0,0%-25%,0,0%-25%
